List Year,Town,Sale Amount
2001,Ansonia,60055884.0
2001,Ashford,19308827.0
2001,Avon,199770409.0
2001,Barkhamsted,14613518.0
2001,Berlin,91141367.0
2001,Bethany,34368535.0
2001,Bethel,123763391.0
2001,Bethlehem,15504110.0
2001,Bloomfield,110735071.0
2001,Bolton,19024492.0
2001,Bozrah,3697486.0
2001,Branford,166498852.0
2001,Bridgeport,393362184.0
2001,Bridgewater,17943859.0
2001,Bristol,216517064.0
2001,Brooklyn,23402400.0
2001,Burlington,48084571.0
2001,Canaan,4945397.0
2001,Canterbury,13927711.0
2001,Canton,61534026.0
2001,Chaplin,5951473.0
2001,Cheshire,150926828.0
2001,Chester,24070415.0
2001,Clinton,84123792.0
2001,Colebrook,7415050.0
2001,Coventry,48818082.0
2001,Cromwell,84144089.0
2001,Danbury,509226077.0
2001,Darien,427790043.0
2001,Derby,46629039.0
2001,Durham,40722729.0
2001,East Granby,26473970.0
2001,East Haddam,65787034.0
2001,East Hampton,71407935.0
2001,East Haven,138638168.0
2001,East Windsor,49696962.0
2001,Eastford,9917866.0
2001,Easton,93292174.0
2001,Ellington,71493086.0
2001,Essex,71276017.0
2001,Farmington,204908107.0
2001,Franklin,11264774.0
2001,Glastonbury,247914191.0
2001,Goshen,29245004.0
2001,Granby,71894744.0
2001,Guilford,199758576.0
2001,Hamden,247145573.0
2001,Hampton,7169752.0
2001,Hartford,205866520.0
2001,Hartland,5608291.0
2001,Harwinton,16753450.0
2001,Kent,32227113.0
2001,Killingly,52296693.0
2001,Lebanon,27516497.0
2001,Litchfield,49733344.0
2001,Lyme,18779895.0
2001,Madison,176323896.0
2001,Manchester,228438255.0
2001,Mansfield,43089454.0
2001,Middletown,142963482.0
2001,Milford,371717999.0
2001,Monroe,158080583.0
2001,Morris,14512016.0
2001,Naugatuck,95967561.0
2001,New Britain,130433308.0
2001,New Fairfield,117045166.0
2001,New Hartford,30841099.0
2001,New Haven,217500.0
2001,New London,64979350.0
2001,Newington,118949196.0
2001,Newtown,312365449.0
2001,Norfolk,12658550.0
2001,North Canaan,8981344.0
2001,North Haven,110398222.0
2001,North Stonington,23534479.0
2001,Norwalk,751685009.0
2001,Norwich,105895742.0
2001,Old Lyme,78602198.0
2001,Old Saybrook,80213345.0
2001,Orange,88919518.0
2001,Oxford,68956594.0
2001,Plainfield,42531295.0
2001,Plainville,55251907.0
2001,Pomfret,17411276.0
2001,Preston,13840210.0
2001,Prospect,31319416.0
2001,Putnam,25450827.0
2001,Redding,127008003.0
2001,Ridgefield,457354133.0
2001,Rocky Hill,99681505.0
2001,Roxbury,35068011.0
2001,Salisbury,49169850.0
2001,Scotland,5199527.0
2001,Sharon,34405700.0
2001,Sherman,35039980.0
2001,Simsbury,171812440.0
2001,Somers,36459208.0
2001,South Windsor,127905521.0
2001,Southbury,156470662.0
2001,Sprague,7739047.0
2001,Stafford,37503087.0
2001,Stamford,1148332720.0
2001,Sterling,12330636.0
2001,Stonington,128001636.0
2001,Stratford,249486918.0
2001,Suffield,75303445.0
2001,Thomaston,32050119.0
2001,Thompson,27725121.0
2001,Tolland,79809365.0
2001,Torrington,131230251.0
2001,Trumbull,244783175.0
2001,Union,3060840.0
2001,Vernon,89536325.0
2001,Warren,18069779.0
2001,Washington,54557718.0
2001,Waterford,117286088.0
2001,Watertown,73206765.0
2001,West Hartford,360578073.0
2001,West Haven,144191655.0
2001,Weston,229008125.0
2001,Westport,673693734.0
2001,Wethersfield,100422410.0
2001,Willington,21386504.0
2001,Wilton,268828318.0
2001,Winchester,39993274.0
2001,Windsor,124695206.0
2001,Windsor Locks,41225325.0
2001,Woodbridge,66740298.0
2001,Woodbury,79648502.0
2001,Woodstock,40012583.0
2002,Andover,14501052.0
2002,Avon,260560436.0
2002,Barkhamsted,15994244.0
2002,Beacon Falls,35815986.0
2002,Bethany,36439445.0
2002,Bethlehem,16684423.0
2002,Bloomfield,100060640.0
2002,Bolton,15377088.0
2002,Bridgeport,492803690.0
2002,Bridgewater,16639600.0
2002,Brookfield,187440942.0
2002,Brooklyn,30715704.0
2002,Burlington,71763066.0
2002,Canterbury,19983456.0
2002,Canton,81688625.0
2002,Chaplin,6840700.0
2002,Cheshire,164785665.0
2002,Chester,31175225.0
2002,Clinton,98020429.0
2002,Colchester,77786692.0
2002,Colebrook,6232534.0
2002,Columbia,28906350.0
2002,Cornwall,15104257.0
2002,Coventry,48849909.0
2002,Darien,524134856.0
2002,Deep River,30388143.0
2002,Derby,52409120.0
2002,Durham,44258317.0
2002,East Granby,31039108.0
2002,East Hampton,89622909.0
2002,East Hartford,134062764.0
2002,East Haven,140871564.0
2002,East Lyme,127382851.0
2002,Ellington,81831620.0
2002,Enfield,170873275.0
2002,Essex,54910059.0
2002,Fairfield,743104362.0
2002,Franklin,8735857.0
2002,Greenwich,1773991776.0
2002,Griswold,40193586.0
2002,Groton,190976074.0
2002,Haddam,40986844.0
2002,Hamden,267600080.0
2002,Hampton,6845250.0
2002,Hartford,265812464.0
2002,Harwinton,26749239.0
2002,Hebron,62955764.0
2002,Kent,37933370.0
2002,Killingworth,50755223.0
2002,Lebanon,26923315.0
2002,Ledyard,81432657.0
2002,Lisbon,11699323.0
2002,Litchfield,54043251.0
2002,Lyme,22485500.0
2002,Manchester,263374060.0
2002,Mansfield,51602073.0
2002,Marlborough,39823772.0
2002,Meriden,193325029.0
2002,Middlebury,51771574.0
2002,Middlefield,19351805.0
2002,Milford,395053353.0
2002,Monroe,154489706.0
2002,Montville,87909669.0
2002,Morris,15541158.0
2002,New Canaan,568754342.0
2002,New Fairfield,130424689.0
2002,New Hartford,39138023.0
2002,New Haven,353668813.0
2002,New London,69947451.0
2002,New Milford,241902807.0
2002,Newington,145556353.0
2002,Norfolk,9751995.0
2002,North Branford,71162836.0
2002,North Haven,107178004.0
2002,North Stonington,36413854.0
2002,Norwalk,795084979.0
2002,Norwich,149174672.0
2002,Old Lyme,73322900.0
2002,Old Saybrook,100408094.0
2002,Orange,149123619.0
2002,Oxford,99292093.0
2002,Plainville,72641178.0
2002,Plymouth,41476806.0
2002,Pomfret,16878955.0
2002,Portland,48237319.0
2002,Prospect,41393855.0
2002,Putnam,32153611.0
2002,Rocky Hill,121272904.0
2002,Salem,26100828.0
2002,Salisbury,47683357.0
2002,Scotland,4731064.0
2002,Seymour,93938898.0
2002,Sharon,25838477.0
2002,Shelton,293683285.0
2002,Sherman,48631967.0
2002,Somers,40264489.0
2002,Southington,235032601.0
2002,Sprague,9754644.0
2002,Stafford,47228690.0
2002,Stamford,1253549591.0
2002,Stratford,293081098.0
2002,Suffield,83806854.0
2002,Thomaston,32695089.0
2002,Thompson,31225700.0
2002,Tolland,85757833.0
2002,Torrington,145919573.0
2002,Trumbull,290996793.0
2002,Union,3663738.0
2002,Vernon,109149438.0
2002,Voluntown,13219299.0
2002,Wallingford,227509342.0
2002,Washington,79786396.0
2002,Watertown,93732171.0
2002,West Hartford,389216029.0
2002,West Haven,179620368.0
2002,Westbrook,55683444.0
2002,Weston,222617475.0
2002,Westport,644186932.0
2002,Wethersfield,120554637.0
2002,Willington,21140079.0
2002,Windham,58950509.0
2002,Windsor,180211992.0
2002,Windsor Locks,58274128.0
2002,Wolcott,68793694.0
2002,Woodbridge,96563940.0
2002,Woodbury,80746919.0
2002,Woodstock,37863466.0
2003,Andover,11592182.0
2003,Ansonia,65575786.0
2003,Ashford,18080419.0
2003,Beacon Falls,45739232.0
2003,Berlin,77531991.0
2003,Bethel,137373102.0
2003,Bloomfield,111360034.0
2003,Bozrah,4455274.0
2003,Branford,208855804.0
2003,Bristol,251608903.0
2003,Brookfield,202925143.0
2003,Brooklyn,30360330.0
2003,Canaan,4250750.0
2003,Canterbury,19584371.0
2003,Clinton,101760733.0
2003,Colchester,75326315.0
2003,Colebrook,7255300.0
2003,Columbia,34605589.0
2003,Cornwall,13146641.0
2003,Coventry,55896716.0
2003,Cromwell,103882244.0
2003,Danbury,537293569.0
2003,Deep River,27083137.0
2003,Derby,55475075.0
2003,Durham,47724366.0
2003,East Haddam,50731233.0
2003,East Hampton,79476707.0
2003,East Hartford,144020751.0
2003,East Haven,122556624.0
2003,East Lyme,183810906.0
2003,East Windsor,61074105.0
2003,Eastford,7706858.0
2003,Easton,106446368.0
2003,Ellington,77484955.0
2003,Enfield,184526290.0
2003,Fairfield,814031021.0
2003,Farmington,231814841.0
2003,Glastonbury,319420098.0
2003,Goshen,31105663.0
2003,Granby,74454897.0
2003,Greenwich,2384512261.0
2003,Griswold,52256224.0
2003,Groton,220310999.0
2003,Guilford,205201737.0
2003,Haddam,53650203.0
2003,Hamden,253703306.0
2003,Hartford,402499126.0
2003,Hartland,6844450.0
2003,Hebron,62196616.0
2003,Kent,190000.0
2003,Killingly,85113325.0
2003,Killingworth,50826081.0
2003,Ledyard,89349257.0
2003,Lisbon,19440056.0
2003,Litchfield,387500.0
2003,Lyme,2430000.0
2003,Madison,207919310.0
2003,Manchester,296906898.0
2003,Mansfield,63517830.0
2003,Marlborough,50778918.0
2003,Meriden,264541502.0
2003,Middlebury,72587987.0
2003,Middlefield,17191449.0
2003,Middletown,223922807.0
2003,Milford,400100749.0
2003,Monroe,425000.0
2003,Montville,96897785.0
2003,Morris,17093385.0
2003,Naugatuck,140280864.0
2003,New Britain,237432094.0
2003,New Fairfield,131714800.0
2003,New Haven,434646197.0
2003,New London,140000.0
2003,New Milford,281321761.0
2003,Newington,178568516.0
2003,Newtown,322534826.0
2003,North Branford,65054149.0
2003,North Canaan,16451103.0
2003,North Haven,144374124.0
2003,North Stonington,31469282.0
2003,Norwalk,765000.0
2003,Old Lyme,85983055.0
2003,Orange,109664980.0
2003,Oxford,132268474.0
2003,Plainfield,92940322.0
2003,Plainville,77053146.0
2003,Plymouth,51988242.0
2003,Pomfret,23210383.0
2003,Portland,49864962.0
2003,Preston,24908303.0
2003,Prospect,35323400.0
2003,Redding,137012953.0
2003,Ridgefield,444543334.0
2003,Roxbury,46335750.0
2003,Salem,35436609.0
2003,Salisbury,52520096.0
2003,Scotland,590000.0
2003,Seymour,79605570.0
2003,Shelton,362830222.0
2003,Simsbury,193685722.0
2003,Somers,32948051.0
2003,South Windsor,140074949.0
2003,Southbury,198337124.0
2003,Southington,212869150.0
2003,Sprague,10036782.0
2003,Stafford,37719790.0
2003,Stamford,1646614099.0
2003,Sterling,22890164.0
2003,Stonington,180832649.0
2003,Stratford,310715013.0
2003,Suffield,9000.0
2003,Thomaston,32036461.0
2003,Thompson,42057756.0
2003,Tolland,103284947.0
2003,Trumbull,338998430.0
2003,Union,50000.0
2003,Vernon,114380545.0
2003,Voluntown,13930537.0
2003,Wallingford,238280539.0
2003,Warren,20377924.0
2003,Washington,138300.0
2003,Waterbury,377400128.0
2003,Waterford,165809386.0
2003,Watertown,257000.0
2003,West Hartford,459793987.0
2003,West Haven,220739780.0
2003,Westbrook,109891067.0
2003,Westport,901372472.0
2003,Willington,92000.0
2003,Wilton,403873569.0
2003,Winchester,57923184.0
2003,Windham,59713468.0
2003,Wolcott,79886813.0
2003,Woodbridge,77896146.0
2003,Woodstock,50204260.0
2004,Andover,18978162.0
2004,Ansonia,83642196.0
2004,Ashford,25226622.0
2004,Avon,307256219.0
2004,Barkhamsted,19869314.0
2004,Beacon Falls,41043881.0
2004,Berlin,146609537.0
2004,Bethany,41168905.0
2004,Bethel,161932319.0
2004,Bethlehem,25934750.0
2004,Bolton,29416184.0
2004,Bozrah,8620445.0
2004,Bridgeport,850365825.0
2004,Bridgewater,19067750.0
2004,Bristol,319296248.0
2004,Brookfield,247927882.0
2004,Burlington,59207566.0
2004,Canaan,16323400.0
2004,Canterbury,15000.0
2004,Canton,120430996.0
2004,Chaplin,10142699.0
2004,Cheshire,216260454.0
2004,Chester,25097050.0
2004,Clinton,104743560.0
2004,Colchester,110701504.0
2004,Colebrook,11638700.0
2004,Columbia,35252199.0
2004,Cornwall,18749151.0
2004,Cromwell,113328094.0
2004,Danbury,857410333.0
2004,Darien,753920265.0
2004,Deep River,28307900.0
2004,Derby,61440091.0
2004,Durham,44462132.0
2004,East Granby,40304105.0
2004,East Haddam,76168079.0
2004,East Hampton,126784922.0
2004,East Hartford,209842377.0
2004,East Haven,186591013.0
2004,East Lyme,199588135.0
2004,East Windsor,84955646.0
2004,Eastford,15315150.0
2004,Easton,107205704.0
2004,Ellington,102592884.0
2004,Enfield,260893124.0
2004,Essex,107405828.0
2004,Fairfield,1030238687.0
2004,Farmington,350809424.0
2004,Franklin,7802335.0
2004,Glastonbury,327777304.0
2004,Goshen,64774118.0
2004,Granby,111895081.0
2004,Greenwich,2880228074.0
2004,Griswold,61124171.0
2004,Groton,222313926.0
2004,Guilford,232978385.0
2004,Haddam,56595550.0
2004,Hamden,388234769.0
2004,Hampton,10830620.0
2004,Hartford,551075231.0
2004,Hartland,6869783.0
2004,Harwinton,34093511.0
2004,Hebron,71165209.0
2004,Kent,56206430.0
2004,Killingly,118916393.0
2004,Killingworth,51206222.0
2004,Lebanon,46314134.0
2004,Ledyard,101630125.0
2004,Lisbon,16662042.0
2004,Litchfield,88110045.0
2004,Lyme,38740402.0
2004,Madison,223947856.0
2004,Manchester,360036121.0
2004,Marlborough,53892780.0
2004,Meriden,310318290.0
2004,Middlebury,60819193.0
2004,Middlefield,19747293.0
2004,Middletown,276511035.0
2004,Milford,504910418.0
2004,Monroe,201028980.0
2004,Montville,112879153.0
2004,Naugatuck,179055162.0
2004,New Britain,275455122.0
2004,New Canaan,783417510.0
2004,New Hartford,45597708.0
2004,New Haven,556317478.0
2004,New London,185807595.0
2004,New Milford,346946099.0
2004,Newington,231076832.0
2004,Newtown,410137394.0
2004,Norfolk,16628880.0
2004,North Branford,86835929.0
2004,North Canaan,16270744.0
2004,North Haven,168940582.0
2004,North Stonington,47603874.0
2004,Norwalk,1348329712.0
2004,Norwich,226840501.0
2004,Old Saybrook,166470295.0
2004,Orange,158517898.0
2004,Oxford,198681940.0
2004,Plainfield,79771108.0
2004,Plainville,79889803.0
2004,Plymouth,55660530.0
2004,Portland,70965710.0
2004,Preston,26586512.0
2004,Prospect,50837573.0
2004,Putnam,53908296.0
2004,Redding,145861394.0
2004,Ridgefield,535686200.0
2004,Rocky Hill,139812222.0
2004,Roxbury,45116080.0
2004,Salem,24984595.0
2004,Salisbury,74503525.0
2004,Scotland,7197293.0
2004,Seymour,110835384.0
2004,Sharon,53215086.0
2004,Shelton,403856819.0
2004,Sherman,49706495.0
2004,Simsbury,255518591.0
2004,South Windsor,194577004.0
2004,Southbury,235876917.0
2004,Southington,309068644.0
2004,Stafford,65521040.0
2004,Stamford,1812808722.0
2004,Sterling,27420824.0
2004,Stonington,243476199.0
2004,Suffield,99602662.0
2004,Thomaston,43197998.0
2004,Torrington,226898847.0
2004,Trumbull,406474559.0
2004,Union,5747597.0
2004,Vernon,141726141.0
2004,Voluntown,11628820.0
2004,Wallingford,309967297.0
2004,Warren,31225533.0
2004,Washington,111191992.0
2004,Waterbury,550238057.0
2004,Waterford,134430775.0
2004,Watertown,141995518.0
2004,West Hartford,614323981.0
2004,West Haven,283827137.0
2004,Westbrook,67012982.0
2004,Weston,294582491.0
2004,Westport,1007470377.0
2004,Wethersfield,154337711.0
2004,Willington,28865025.0
2004,Wilton,446395295.0
2004,Winchester,85296507.0
2004,Windham,83047540.0
2004,Windsor,211763402.0
2004,Windsor Locks,101938849.0
2004,Wolcott,88817154.0
2004,Woodbury,116992947.0
2004,Woodstock,63537418.0
2005,Andover,14220375.0
2005,Ansonia,84465455.0
2005,Ashford,31074248.0
2005,Avon,242701535.0
2005,Barkhamsted,13989630.0
2005,Beacon Falls,45703168.0
2005,Berlin,115787743.0
2005,Bethany,40920943.0
2005,Bethel,123316338.0
2005,Bethlehem,19521800.0
2005,Bloomfield,140307002.0
2005,Bolton,32449157.0
2005,Bozrah,11716088.0
2005,Branford,218437282.0
2005,Bridgeport,817204038.0
2005,Bridgewater,24415537.0
2005,Bristol,302333047.0
2005,Brookfield,191911630.0
2005,Brooklyn,43262211.0
2005,Burlington,61458010.0
2005,Canaan,7578650.0
2005,Canterbury,19998787.0
2005,Canton,103467224.0
2005,Chaplin,8507989.0
2005,Cheshire,234123085.0
2005,Chester,32275608.0
2005,Colchester,99347336.0
2005,Columbia,32215213.0
2005,Cornwall,18280166.0
2005,Coventry,79267794.0
2005,Cromwell,94597017.0
2005,Danbury,707310328.0
2005,Darien,610772428.0
2005,East Granby,37257026.0
2005,East Haddam,59998877.0
2005,East Hartford,232433385.0
2005,East Haven,176495777.0
2005,East Lyme,187120658.0
2005,East Windsor,75008124.0
2005,Eastford,8393805.0
2005,Easton,96106973.0
2005,Enfield,207758454.0
2005,Essex,77897486.0
2005,Farmington,257738414.0
2005,Franklin,6566560.0
2005,Glastonbury,357799283.0
2005,Goshen,42377105.0
2005,Granby,80502941.0
2005,Griswold,58307820.0
2005,Groton,200865841.0
2005,Guilford,247828321.0
2005,Hampton,12412565.0
2005,Hartford,440442357.0
2005,Harwinton,29125484.0
2005,Hebron,58458668.0
2005,Kent,37332419.0
2005,Killingly,95318443.0
2005,Killingworth,51549056.0
2005,Lebanon,32334650.0
2005,Lisbon,21887291.0
2005,Litchfield,71482014.0
2005,Lyme,30867881.0
2005,Madison,225314446.0
2005,Manchester,405440335.0
2005,Mansfield,110870542.0
2005,Meriden,302139683.0
2005,Middlebury,56713466.0
2005,Middlefield,17382000.0
2005,Middletown,303885268.0
2005,Milford,431054999.0
2005,Monroe,166827400.0
2005,Montville,143457490.0
2005,Morris,21645556.0
2005,Naugatuck,171507142.0
2005,New Britain,280813137.0
2005,New Canaan,667663782.0
2005,New Fairfield,114462382.0
2005,New Hartford,43856960.0
2005,New Haven,518868901.0
2005,New London,97475321.0
2005,Newtown,318776726.0
2005,Norfolk,16721525.0
2005,North Canaan,15141577.0
2005,Norwalk,1172971652.0
2005,Norwich,219381762.0
2005,Old Lyme,87216872.0
2005,Old Saybrook,146007200.0
2005,Orange,108657674.0
2005,Plainfield,69636986.0
2005,Plainville,87099553.0
2005,Plymouth,60403845.0
2005,Pomfret,24103950.0
2005,Portland,54305638.0
2005,Preston,24268507.0
2005,Putnam,50571466.0
2005,Redding,127594626.0
2005,Ridgefield,428129432.0
2005,Rocky Hill,148178898.0
2005,Roxbury,34061300.0
2005,Salem,32295952.0
2005,Scotland,5210900.0
2005,Sharon,31863631.0
2005,Shelton,349075018.0
2005,Sherman,48724919.0
2005,Simsbury,211937791.0
2005,Somers,51045676.0
2005,South Windsor,174183371.0
2005,Southbury,248208474.0
2005,Sprague,11885468.0
2005,Stamford,1813846454.0
2005,Sterling,26364639.0
2005,Stonington,194386078.0
2005,Stratford,372254719.0
2005,Suffield,177238165.0
2005,Thomaston,30208979.0
2005,Thompson,39952125.0
2005,Tolland,77633030.0
2005,Torrington,187654230.0
2005,Union,3742200.0
2005,Vernon,201956065.0
2005,Warren,22423900.0
2005,Washington,100604590.0
2005,Waterbury,517832219.0
2005,Waterford,139729631.0
2005,Watertown,128400625.0
2005,West Hartford,500251380.0
2005,Westbrook,55912830.0
2005,Weston,224067627.0
2005,Wethersfield,175152575.0
2005,Willington,32936137.0
2005,Wilton,440046558.0
2005,Winchester,32349669.0
2005,Windsor,223790039.0
2005,Windsor Locks,108616066.0
2005,Wolcott,73960529.0
2005,Woodbridge,78473837.0
2005,Woodbury,93555192.0
2006,Ansonia,67293267.0
2006,Ashford,20554519.0
2006,Avon,225639681.0
2006,Barkhamsted,16935128.0
2006,Berlin,152881716.0
2006,Bethany,40479436.0
2006,Bethel,111100339.0
2006,Bethlehem,18176185.0
2006,Bloomfield,287687299.0
2006,Bolton,26010241.0
2006,Bozrah,10513400.0
2006,Branford,220659180.0
2006,Bridgeport,654697559.0
2006,Bristol,307101076.0
2006,Brooklyn,32406554.0
2006,Burlington,62073375.0
2006,Canaan,8439900.0
2006,Canterbury,19017529.0
2006,Canton,84100314.0
2006,Chaplin,6406250.0
2006,Cheshire,239053429.0
2006,Chester,28019054.0
2006,Clinton,121992473.0
2006,Colebrook,5924220.0
2006,Coventry,55207839.0
2006,Cromwell,107049289.0
2006,Danbury,644768325.0
2006,Darien,800192271.0
2006,Deep River,30711215.0
2006,Derby,57029913.0
2006,Durham,40071285.0
2006,East Granby,51152204.0
2006,East Haddam,67712826.0
2006,East Hampton,92372891.0
2006,East Windsor,99763534.0
2006,Eastford,7123200.0
2006,Ellington,92477439.0
2006,Essex,85910565.0
2006,Fairfield,924873417.0
2006,Farmington,302679307.0
2006,Franklin,8762503.0
2006,Glastonbury,347245049.0
2006,Goshen,37397363.0
2006,Granby,84684591.0
2006,Greenwich,3295532409.0
2006,Guilford,272180718.0
2006,Haddam,55046713.0
2006,Hamden,324845737.0
2006,Hampton,8339300.0
2006,Hartland,6967212.0
2006,Harwinton,22414949.0
2006,Kent,32472837.0
2006,Killingly,76394661.0
2006,Lebanon,32765149.0
2006,Ledyard,83838691.0
2006,Litchfield,74521627.0
2006,Lyme,35493406.0
2006,Madison,238027729.0
2006,Mansfield,64014449.0
2006,Marlborough,33509705.0
2006,Middletown,279855978.0
2006,Monroe,153734875.0
2006,Morris,19854494.0
2006,Naugatuck,142196712.0
2006,New Britain,240697942.0
2006,New Canaan,772602142.0
2006,New Fairfield,107760091.0
2006,New Hartford,41308214.0
2006,New London,113911831.0
2006,New Milford,233987316.0
2006,Newington,215898301.0
2006,Newtown,266082994.0
2006,Norfolk,14010786.0
2006,North Branford,54647542.0
2006,North Canaan,10945182.0
2006,North Haven,241815938.0
2006,North Stonington,38364668.0
2006,Norwalk,1127668852.0
2006,Norwich,189702062.0
2006,Old Lyme,110900817.0
2006,Old Saybrook,123083968.0
2006,Oxford,103923378.0
2006,Plainfield,96596568.0
2006,Pomfret,21647300.0
2006,Preston,30628333.0
2006,Prospect,49205441.0
2006,Putnam,45295189.0
2006,Redding,112242460.0
2006,Ridgefield,431497417.0
2006,Rocky Hill,178647382.4
2006,Roxbury,41336075.0
2006,Salisbury,67422088.0
2006,Scotland,4662579.0
2006,Seymour,86945145.0
2006,Sharon,48716484.0
2006,Sherman,48118917.0
2006,Simsbury,214704700.0
2006,Somers,45184726.0
2006,South Windsor,168388565.0
2006,Southbury,142718478.0
2006,Southington,214402936.0
2006,Sprague,11235304.0
2006,Stafford,50864269.0
2006,Sterling,21405754.0
2006,Stonington,204828589.0
2006,Stratford,356540903.0
2006,Suffield,97394347.0
2006,Thompson,31696113.0
2006,Tolland,82620435.0
2006,Torrington,171153186.0
2006,Trumbull,386057351.0
2006,Union,2708400.0
2006,Voluntown,12297826.0
2006,Wallingford,303753919.0
2006,Warren,23180699.0
2006,Washington,127083324.0
2006,Waterbury,455612349.0
2006,Waterford,126733828.0
2006,Watertown,104748194.0
2006,West Haven,292263167.0
2006,Weston,236424982.0
2006,Westport,925470566.0
2006,Wethersfield,129565307.0
2006,Willington,17898413.0
2006,Wilton,335085122.0
2006,Winchester,58163013.0
2006,Windham,60204397.0
2006,Windsor,242619498.0
2006,Windsor Locks,92922231.0
2006,Woodbridge,89809305.0
2006,Woodbury,84180888.0
2006,Woodstock,44826523.0
2007,***Unknown***,282450.0
2007,Andover,10372230.0
2007,Avon,164815682.0
2007,Barkhamsted,12003599.0
2007,Beacon Falls,26773750.0
2007,Bethany,29404151.0
2007,Bethlehem,15056772.0
2007,Bloomfield,129265365.0
2007,Bolton,19737279.0
2007,Branford,194959392.0
2007,Bridgeport,451047892.0
2007,Bridgewater,14739450.0
2007,Brookfield,131359044.0
2007,Brooklyn,35659529.0
2007,Burlington,50739013.0
2007,Canterbury,18715518.0
2007,Canton,66894252.0
2007,Chaplin,8310154.0
2007,Cheshire,157942085.0
2007,Chester,16152400.0
2007,Clinton,85741830.0
2007,Colchester,67283234.0
2007,Colebrook,7266447.0
2007,Columbia,15546007.0
2007,Cornwall,12502325.0
2007,Coventry,49262105.0
2007,Darien,449903306.0
2007,Deep River,20078264.0
2007,Derby,32026051.0
2007,Durham,32858400.0
2007,East Granby,36643048.0
2007,East Hampton,77052818.0
2007,East Hartford,214568287.0
2007,East Haven,108836903.0
2007,East Lyme,144167922.0
2007,Easton,70620443.0
2007,Ellington,77353212.0
2007,Enfield,122171653.0
2007,Essex,49239233.0
2007,Fairfield,642782686.0
2007,Franklin,8031240.0
2007,Greenwich,2141441577.0
2007,Griswold,43375673.0
2007,Groton,197120573.0
2007,Haddam,50438970.0
2007,Hamden,329238923.0
2007,Hampton,4079627.0
2007,Hartford,327004635.0
2007,Hartland,4619660.0
2007,Harwinton,11545502.0
2007,Hebron,33131054.0
2007,Kent,37994966.0
2007,Killingworth,41657582.0
2007,Lebanon,22542690.0
2007,Ledyard,55126005.0
2007,Lisbon,15847628.0
2007,Litchfield,43644830.0
2007,Lyme,24248026.0
2007,Manchester,222427275.0
2007,Mansfield,83159750.0
2007,Marlborough,23491630.0
2007,Meriden,182054601.0
2007,Middlebury,44699500.0
2007,Middlefield,21376675.0
2007,Milford,289640033.0
2007,Monroe,95171176.0
2007,Montville,59910430.0
2007,Morris,14280196.0
2007,New Canaan,565265050.0
2007,New Fairfield,84617282.0
2007,New Hartford,22670965.0
2007,New Haven,276282381.0
2007,New London,75486806.0
2007,New Milford,164488797.0
2007,Newington,196213579.0
2007,Norfolk,14490200.0
2007,North Branford,45418490.0
2007,North Haven,119604091.0
2007,North Stonington,22274329.0
2007,Norwalk,788036271.0
2007,Norwich,103634550.0
2007,Old Lyme,51543479.0
2007,Old Saybrook,89923247.0
2007,Orange,123027220.0
2007,Oxford,89335571.0
2007,Plainville,67416711.0
2007,Plymouth,31831795.0
2007,Pomfret,14183682.0
2007,Portland,39171434.0
2007,Prospect,54839492.0
2007,Putnam,25888577.0
2007,Rocky Hill,92616482.0
2007,Salem,21109250.0
2007,Salisbury,58481815.0
2007,Scotland,4661400.0
2007,Seymour,66294479.0
2007,Sharon,20631562.0
2007,Shelton,307797007.0
2007,Sherman,25004709.0
2007,Somers,39149770.0
2007,Southington,201621647.0
2007,Sprague,7025132.0
2007,Stafford,36513999.0
2007,Stratford,221905736.0
2007,Suffield,71943530.0
2007,Thomaston,20683384.0
2007,Thompson,25211962.0
2007,Tolland,61643670.0
2007,Torrington,113142855.0
2007,Trumbull,209215490.0
2007,Union,3007750.0
2007,Vernon,87021216.0
2007,Voluntown,9055499.0
2007,Wallingford,173906437.0
2007,Washington,78826645.0
2007,Watertown,85763084.0
2007,West Hartford,389866671.0
2007,West Haven,133371019.0
2007,Westbrook,57594530.0
2007,Weston,155853699.0
2007,Westport,760824550.0
2007,Wethersfield,112584384.0
2007,Willington,16906598.0
2007,Windham,47397961.0
2007,Windsor,171908532.0
2007,Windsor Locks,64442613.0
2007,Wolcott,66920728.0
2007,Woodbridge,58772756.0
2007,Woodbury,48097226.0
2007,Woodstock,28949062.0
2008,Andover,7337780.0
2008,Ansonia,29142757.0
2008,Ashford,15114450.0
2008,Avon,19469986.0
2008,Beacon Falls,22960054.0
2008,Berlin,69502911.0
2008,Bethel,74252324.0
2008,Bloomfield,65371683.0
2008,Bozrah,3071000.0
2008,Branford,109327506.0
2008,Bridgeport,2034874.0
2008,Bridgewater,6987786.0
2008,Bristol,139415524.0
2008,Brookfield,84836908.0
2008,Brooklyn,24184905.0
2008,Canaan,7906400.0
2008,Canterbury,12828288.0
2008,Canton,1689600.0
2008,Clinton,45761793.0
2008,Colchester,46298610.0
2008,Colebrook,5905000.0
2008,Columbia,16376950.0
2008,Cornwall,6337500.0
2008,Coventry,42212848.0
2008,Cromwell,63781574.0
2008,Danbury,404514668.0
2008,Deep River,14155893.0
2008,Derby,21696540.0
2008,Durham,26819750.0
2008,East Haddam,27701893.0
2008,East Hampton,47866076.0
2008,East Hartford,102322106.0
2008,East Haven,75446859.0
2008,East Lyme,94990312.0
2008,East Windsor,34413009.0
2008,Eastford,3185000.0
2008,Easton,37578486.0
2008,Ellington,54034500.0
2008,Enfield,137189985.0
2008,Fairfield,405573343.0
2008,Farmington,155565114.0
2008,Glastonbury,208362742.0
2008,Goshen,20321098.0
2008,Granby,49288883.0
2008,Greenwich,919302265.0
2008,Griswold,29829771.0
2008,Groton,94720983.0
2008,Guilford,125453942.0
2008,Haddam,37481470.0
2008,Hamden,178716004.0
2008,Hartford,138443816.0
2008,Hartland,4335075.0
2008,Harwinton,1752900.0
2008,Hebron,27535996.0
2008,Killingly,42545947.0
2008,Killingworth,22770880.0
2008,Ledyard,42225483.0
2008,Lisbon,5570165.0
2008,Madison,122007738.0
2008,Manchester,181795399.0
2008,Mansfield,31016622.0
2008,Marlborough,23836580.0
2008,Meriden,115710111.0
2008,Middlebury,36966656.0
2008,Middlefield,6607822.0
2008,Middletown,131361978.0
2008,Milford,237589758.0
2008,Monroe,71805815.0
2008,Montville,34504477.0
2008,Morris,7360610.0
2008,Naugatuck,63210659.0
2008,New Britain,137594848.0
2008,New Fairfield,40618276.0
2008,New Haven,214780608.0
2008,New Milford,92217137.0
2008,Newington,103545092.0
2008,Newtown,86893854.0
2008,North Branford,36813614.0
2008,North Canaan,7526000.0
2008,North Haven,61303567.0
2008,North Stonington,9287292.0
2008,Old Lyme,50650334.0
2008,Orange,130506416.0
2008,Oxford,60368753.0
2008,Plainfield,32979469.0
2008,Plainville,53736809.0
2008,Plymouth,23821126.0
2008,Pomfret,10846710.0
2008,Portland,27839869.0
2008,Preston,9240722.0
2008,Prospect,38767823.0
2008,Redding,47755772.0
2008,Ridgefield,217962381.0
2008,Roxbury,17537248.0
2008,Salem,10094475.0
2008,Salisbury,29898622.0
2008,Seymour,50830126.0
2008,Shelton,126899898.0
2008,Simsbury,99250473.0
2008,Somers,33648850.0
2008,South Windsor,102151659.0
2008,Southbury,69932321.0
2008,Southington,155264515.0
2008,Sprague,5981800.0
2008,Stafford,21378566.0
2008,Stamford,653358097.0
2008,Sterling,9988387.0
2008,Stonington,88199334.0
2008,Stratford,148722692.0
2008,Thomaston,12999995.0
2008,Thompson,17601059.0
2008,Tolland,46848444.0
2008,Torrington,81510618.0
2008,Trumbull,139113912.0
2008,Vernon,76626719.0
2008,Voluntown,5244346.0
2008,Wallingford,152656777.0
2008,Warren,15162849.0
2008,Waterbury,172466532.0
2008,Waterford,64369662.0
2008,West Hartford,301573971.0
2008,West Haven,100400661.0
2008,Westbrook,27931380.0
2008,Westport,425524287.0
2008,Wilton,151346333.0
2008,Winchester,24276315.0
2008,Windham,45268018.0
2008,Windsor,184900.0
2008,Wolcott,40024460.0
2008,Woodbridge,44903969.0
2008,Woodstock,24280792.0
2009,Andover,8853286.0
2009,Ansonia,26487774.0
2009,Ashford,14660894.0
2009,Avon,132514608.0
2009,Barkhamsted,8417182.0
2009,Beacon Falls,21451554.0
2009,Berlin,72866015.0
2009,Bethany,18637085.0
2009,Bethel,81368517.0
2009,Bethlehem,11291410.0
2009,Bolton,16375725.0
2009,Bozrah,5046700.0
2009,Bridgeport,219090796.0
2009,Bridgewater,10723292.0
2009,Bristol,165537688.0
2009,Brookfield,91789011.0
2009,Burlington,45835953.0
2009,Canaan,4412865.0
2009,Canton,49247499.0
2009,Chaplin,3010410.0
2009,Cheshire,109175185.0
2009,Chester,17398224.0
2009,Clinton,60007346.0
2009,Colchester,56225853.0
2009,Colebrook,5009679.0
2009,Columbia,15747400.0
2009,Cornwall,6449892.0
2009,Cromwell,56000835.0
2009,Danbury,265852675.0
2009,Darien,496150694.0
2009,Deep River,18930345.0
2009,Derby,29473535.0
2009,Durham,27062390.0
2009,East Granby,23107616.0
2009,East Haddam,41782972.0
2009,East Hampton,46265022.0
2009,East Hartford,102772478.0
2009,East Haven,89430945.0
2009,East Lyme,96591353.0
2009,East Windsor,37072458.0
2009,Eastford,3916250.0
2009,Easton,59353438.0
2009,Ellington,59125031.0
2009,Enfield,95588679.0
2009,Essex,44167125.0
2009,Fairfield,534806138.0
2009,Farmington,186054463.0
2009,Franklin,4444001.0
2009,Glastonbury,193512815.0
2009,Goshen,16802310.0
2009,Granby,38178538.0
2009,Greenwich,1623851778.0
2009,Griswold,28204977.0
2009,Groton,124349105.0
2009,Guilford,135981334.0
2009,Haddam,31566329.0
2009,Hamden,170945598.0
2009,Hampton,4131192.0
2009,Hartford,157141718.0
2009,Hartland,5506788.0
2009,Harwinton,16739023.0
2009,Hebron,23742757.0
2009,Kent,34397891.0
2009,Killingly,48910592.0
2009,Killingworth,21261253.0
2009,Lebanon,17278419.0
2009,Ledyard,37057735.0
2009,Lisbon,13256368.0
2009,Litchfield,39157181.0
2009,Lyme,18256130.0
2009,Madison,155185201.0
2009,Manchester,192985130.0
2009,Marlborough,16422744.0
2009,Meriden,121026768.0
2009,Middlebury,32526985.0
2009,Middlefield,13636848.0
2009,Middletown,124928915.0
2009,Milford,237423530.0
2009,Monroe,74660619.0
2009,Montville,42754462.0
2009,Morris,8464780.0
2009,Naugatuck,68971346.0
2009,New Britain,108022244.0
2009,New Canaan,467257648.0
2009,New Hartford,21876231.0
2009,New Haven,220849613.0
2009,New London,121312607.0
2009,New Milford,134984409.0
2009,Newington,109682123.0
2009,Newtown,167420150.0
2009,Norfolk,15728365.0
2009,North Branford,40327172.0
2009,North Canaan,7686189.0
2009,North Haven,115437905.0
2009,North Stonington,16900207.0
2009,Norwalk,469570113.0
2009,Norwich,77527249.0
2009,Old Saybrook,73164382.0
2009,Orange,92279373.0
2009,Oxford,52419614.0
2009,Plainfield,34946109.0
2009,Plainville,59854667.0
2009,Plymouth,26849721.0
2009,Portland,27880798.0
2009,Preston,17169632.0
2009,Prospect,37601127.0
2009,Putnam,21541244.0
2009,Redding,67193879.0
2009,Ridgefield,272716954.0
2009,Rocky Hill,62230502.0
2009,Roxbury,54059440.0
2009,Salem,13899524.0
2009,Salisbury,37356709.0
2009,Scotland,2007050.0
2009,Seymour,52744967.0
2009,Sharon,41557824.0
2009,Shelton,167551660.0
2009,Sherman,27941469.0
2009,Simsbury,158079469.0
2009,South Windsor,99905145.0
2009,Southbury,124467774.0
2009,Southington,163494070.0
2009,Sprague,7364930.0
2009,Stafford,24691447.0
2009,Stamford,818717296.0
2009,Sterling,8084568.0
2009,Stonington,107516719.0
2009,Suffield,63282721.0
2009,Thomaston,16252410.0
2009,Torrington,64506164.0
2009,Trumbull,250336127.0
2009,Union,1546681.0
2009,Vernon,77595545.0
2009,Voluntown,5871291.0
2009,Wallingford,147296356.0
2009,Warren,13985400.0
2009,Washington,78207063.0
2009,Waterbury,155684179.0
2009,Waterford,71929796.0
2009,Watertown,59856696.0
2009,West Hartford,301977956.0
2009,West Haven,91671533.0
2009,Westbrook,51404860.0
2009,Weston,121573449.0
2009,Westport,601793873.0
2009,Wethersfield,82631246.0
2009,Willington,11829637.0
2009,Wilton,188949981.0
2009,Winchester,36236989.0
2009,Windham,41794276.0
2009,Windsor,77322993.0
2009,Windsor Locks,38811091.0
2009,Wolcott,41486227.0
2009,Woodbury,43874233.0
2009,Woodstock,28604401.0
2010,Andover,7105952.0
2010,Ansonia,24178150.0
2010,Ashford,11466916.0
2010,Avon,159351401.0
2010,Barkhamsted,7667425.0
2010,Beacon Falls,11370058.0
2010,Berlin,74031040.0
2010,Bethany,16486500.0
2010,Bethel,79488573.0
2010,Bethlehem,7601750.0
2010,Bloomfield,58723065.0
2010,Bolton,15458850.0
2010,Bozrah,4177704.0
2010,Branford,120317032.0
2010,Bridgeport,209494202.0
2010,Bridgewater,16964982.0
2010,Bristol,107180183.0
2010,Brookfield,86003030.0
2010,Brooklyn,16318861.0
2010,Burlington,39052564.0
2010,Canaan,2351400.0
2010,Canterbury,9605558.0
2010,Canton,44412925.0
2010,Chaplin,1697400.0
2010,Cheshire,110072965.0
2010,Chester,17444619.0
2010,Colchester,46845652.0
2010,Columbia,14792256.0
2010,Cornwall,11676000.0
2010,Coventry,29116089.0
2010,Cromwell,63665525.0
2010,Danbury,264931915.0
2010,Darien,482817360.0
2010,Derby,20130316.0
2010,East Granby,20874691.0
2010,East Haddam,30794163.0
2010,East Hartford,80162641.0
2010,East Haven,78419687.0
2010,East Lyme,91469078.0
2010,East Windsor,31681556.0
2010,Eastford,2382688.0
2010,Easton,42022635.0
2010,Enfield,80377590.0
2010,Essex,39855696.0
2010,Farmington,130768365.0
2010,Franklin,3096220.0
2010,Glastonbury,206402746.0
2010,Goshen,21879881.0
2010,Granby,35531653.0
2010,Greenwich,653000.0
2010,Griswold,18654807.0
2010,Groton,98928686.0
2010,Guilford,117466903.0
2010,Hamden,97110026.0
2010,Hampton,2872500.0
2010,Hartford,199619555.0
2010,Hartland,1892150.0
2010,Harwinton,11934958.0
2010,Hebron,21746161.0
2010,Kent,15716050.0
2010,Killingly,37442665.0
2010,Killingworth,19390811.0
2010,Lebanon,15976516.0
2010,Lisbon,7545786.0
2010,Litchfield,35343658.0
2010,Lyme,25627100.0
2010,Madison,150106546.0
2010,Manchester,91497068.0
2010,Mansfield,44400131.0
2010,Marlborough,19339575.0
2010,Meriden,107237768.0
2010,Middlebury,33039503.0
2010,Middlefield,11522734.0
2010,Middletown,114872610.0
2010,Milford,249897101.0
2010,Monroe,66122536.0
2010,Montville,28430198.0
2010,Morris,5711900.0
2010,Naugatuck,49212066.0
2010,New Britain,121966014.0
2010,New Canaan,523217551.0
2010,New Fairfield,58224504.0
2010,New Hartford,20320221.0
2010,New Haven,157761563.0
2010,New London,58839967.0
2010,Newington,72322246.0
2010,Newtown,166751107.0
2010,Norfolk,8554962.0
2010,North Canaan,5079340.0
2010,North Haven,83645220.0
2010,North Stonington,14746750.0
2010,Norwalk,479519999.0
2010,Norwich,79560291.0
2010,Old Lyme,45698814.0
2010,Old Saybrook,88504590.0
2010,Orange,60042026.0
2010,Plainfield,27149315.0
2010,Plainville,52794950.0
2010,Plymouth,21316328.0
2010,Pomfret,10124639.0
2010,Portland,24426175.0
2010,Preston,10375390.0
2010,Prospect,34735703.0
2010,Putnam,18156939.0
2010,Redding,58850160.0
2010,Ridgefield,266282377.0
2010,Rocky Hill,65435013.0
2010,Roxbury,26753342.0
2010,Salem,9354502.0
2010,Scotland,3222300.0
2010,Seymour,38922617.0
2010,Sharon,26471750.0
2010,Shelton,169520014.0
2010,Sherman,17674707.0
2010,Simsbury,95078548.0
2010,Somers,22965968.0
2010,South Windsor,124048095.0
2010,Southbury,107002265.0
2010,Southington,122486289.0
2010,Sprague,2954300.0
2010,Stafford,20082480.0
2010,Stamford,804718546.0
2010,Sterling,6087597.0
2010,Stonington,94466077.0
2010,Stratford,162129964.0
2010,Suffield,49347321.0
2010,Thomaston,12995899.0
2010,Thompson,23421795.0
2010,Tolland,46827720.0
2010,Torrington,57621939.0
2010,Trumbull,173934983.0
2010,Union,3264900.0
2010,Vernon,57645460.0
2010,Warren,10350056.0
2010,Washington,64098170.0
2010,Waterbury,175920169.0
2010,Waterford,63113242.0
2010,Watertown,49829075.0
2010,West Hartford,295680813.0
2010,Westbrook,35831329.0
2010,Weston,123049886.0
2010,Wethersfield,69514486.0
2010,Willington,12259567.0
2010,Wilton,204578800.0
2010,Winchester,33549249.0
2010,Windham,35246277.0
2010,Windsor,67319498.0
2010,Windsor Locks,23913817.0
2010,Wolcott,34060189.0
2010,Woodbridge,49763420.0
2010,Woodbury,37388433.0
2010,Woodstock,21643830.0
2011,Andover,1472000.0
2011,Ansonia,25101091.0
2011,Avon,161990921.0
2011,Barkhamsted,8038530.0
2011,Berlin,80102832.0
2011,Bethany,19269341.0
2011,Bethel,74832307.0
2011,Bethlehem,6960623.0
2011,Bloomfield,75919362.0
2011,Bolton,14928332.0
2011,Bozrah,5493492.0
2011,Branford,105387394.0
2011,Bridgeport,209509232.0
2011,Bridgewater,2225000.0
2011,Bristol,109196824.0
2011,Brooklyn,25082721.0
2011,Burlington,40197709.0
2011,Canaan,3301199.0
2011,Canterbury,9988813.0
2011,Canton,49670784.0
2011,Chaplin,3114184.0
2011,Cheshire,139066724.0
2011,Chester,12231723.0
2011,Clinton,57050736.0
2011,Colebrook,3082982.0
2011,Columbia,223750.0
2011,Coventry,32247680.0
2011,Cromwell,67911298.0
2011,Danbury,250394067.0
2011,Darien,527901011.0
2011,Deep River,14722250.0
2011,Durham,26386213.0
2011,East Granby,14548888.0
2011,East Haddam,27579727.0
2011,East Hampton,41282890.0
2011,East Windsor,46064203.0
2011,Eastford,2082913.0
2011,Easton,53094868.0
2011,Ellington,46330527.0
2011,Essex,45524675.0
2011,Fairfield,571324336.0
2011,Farmington,157566527.0
2011,Franklin,3399400.0
2011,Glastonbury,219599607.0
2011,Goshen,18697001.0
2011,Granby,39171455.0
2011,Greenwich,1669325543.0
2011,Guilford,112571104.0
2011,Haddam,27868292.0
2011,Hamden,148054514.0
2011,Hampton,4965136.0
2011,Hartland,3977284.0
2011,Harwinton,10681700.0
2011,Kent,20595523.0
2011,Killingly,37423691.0
2011,Lebanon,14912463.0
2011,Ledyard,41854881.0
2011,Litchfield,35041606.0
2011,Lyme,13852500.0
2011,Madison,146351882.0
2011,Mansfield,44331571.0
2011,Marlborough,3596300.0
2011,Meriden,100541606.0
2011,Middletown,123283399.0
2011,Monroe,70799270.0
2011,Montville,5491180.0
2011,Morris,5132600.0
2011,Naugatuck,53655356.0
2011,New Britain,86605202.0
2011,New Canaan,462365761.0
2011,New Fairfield,49399062.0
2011,New Hartford,22146378.0
2011,New Haven,204521680.0
2011,New London,45008365.0
2011,New Milford,83133183.0
2011,Newtown,143602129.0
2011,Norfolk,10917600.0
2011,North Branford,38466061.0
2011,North Canaan,7304584.0
2011,North Haven,93007130.0
2011,Norwalk,448217791.0
2011,Norwich,71651521.0
2011,Old Lyme,58316750.0
2011,Old Saybrook,93599002.0
2011,Orange,70266171.0
2011,Oxford,46207285.0
2011,Plainfield,36086768.0
2011,Pomfret,10076247.0
2011,Portland,30619511.0
2011,Preston,8934236.0
2011,Putnam,20938771.0
2011,Redding,61520084.0
2011,Ridgefield,178054372.0
2011,Rocky Hill,82043585.0
2011,Roxbury,28708085.0
2011,Salem,271250.0
2011,Salisbury,41635600.0
2011,Scotland,1310183.0
2011,Sharon,29663392.0
2011,Sherman,29056449.0
2011,Simsbury,104277170.0
2011,Somers,25793441.0
2011,South Windsor,91945378.0
2011,Southbury,76229261.0
2011,Southington,45693514.0
2011,Sprague,1608800.0
2011,Stamford,705205163.0
2011,Sterling,8584302.0
2011,Stonington,121967963.0
2011,Stratford,134647424.0
2011,Suffield,59062138.0
2011,Thomaston,9334442.0
2011,Thompson,17544913.0
2011,Tolland,49410645.0
2011,Torrington,65057290.0
2011,Union,3340500.0
2011,Voluntown,3581798.0
2011,Wallingford,122801178.0
2011,Warren,11354615.0
2011,Washington,40618751.0
2011,Waterbury,129556326.0
2011,Waterford,89335970.0
2011,Watertown,54617788.0
2011,West Haven,98910316.0
2011,Westbrook,4536500.0
2011,Weston,104249507.0
2011,Westport,626011453.0
2011,Wethersfield,81784075.0
2011,Willington,23726075.0
2011,Wilton,236234299.0
2011,Winchester,20116677.0
2011,Windham,22945977.0
2011,Windsor,120871925.0
2011,Windsor Locks,28357291.0
2011,Woodbridge,50701729.0
2011,Woodbury,40429099.0
2012,Andover,7906884.0
2012,Ashford,9686450.0
2012,Avon,206990198.0
2012,Barkhamsted,8665800.0
2012,Beacon Falls,20242245.0
2012,Bethany,24097872.0
2012,Bethlehem,12828205.0
2012,Bloomfield,69504984.0
2012,Bolton,14416701.0
2012,Branford,138139094.0
2012,Bridgeport,233697207.0
2012,Bridgewater,14230000.0
2012,Brookfield,106458930.0
2012,Brooklyn,19999923.0
2012,Burlington,47638777.0
2012,Canterbury,9498000.0
2012,Canton,69290112.0
2012,Chaplin,2907025.0
2012,Cheshire,136114791.0
2012,Chester,16394600.0
2012,Clinton,70645592.0
2012,Colchester,49709133.0
2012,Colebrook,4832165.0
2012,Columbia,19181364.0
2012,Cornwall,8441089.0
2012,Coventry,39354847.0
2012,Darien,666749905.0
2012,Deep River,20978167.0
2012,Derby,18956036.0
2012,Durham,24671882.0
2012,East Granby,25818702.0
2012,East Haddam,808000.0
2012,East Hampton,51373624.0
2012,East Hartford,74757483.0
2012,East Haven,56398342.0
2012,East Lyme,107008530.0
2012,Eastford,1710750.0
2012,Easton,61332979.0
2012,Ellington,62718942.0
2012,Enfield,91738674.0
2012,Essex,49734162.0
2012,Fairfield,656995915.0
2012,Farmington,33816793.0
2012,Franklin,5383405.0
2012,Glastonbury,238896932.0
2012,Granby,1461302.0
2012,Greenwich,2003652705.0
2012,Griswold,27166339.22
2012,Groton,127815299.0
2012,Guilford,147635967.0
2012,Haddam,28857813.0
2012,Hamden,200844231.0
2012,Hampton,4461300.0
2012,Hartford,233902685.0
2012,Hartland,3840605.0
2012,Harwinton,18289800.0
2012,Hebron,36353163.0
2012,Kent,26450845.0
2012,Killingly,49168925.0
2012,Killingworth,24742988.0
2012,Lebanon,23008515.0
2012,Ledyard,43960030.0
2012,Lisbon,8499881.0
2012,Litchfield,45743845.0
2012,Lyme,23944225.0
2012,Madison,173672251.0
2012,Manchester,148592296.0
2012,Mansfield,54998627.0
2012,Marlborough,17488974.0
2012,Meriden,96409384.0
2012,Middlebury,41923496.0
2012,Middlefield,11780615.0
2012,Middletown,157292787.0
2012,Milford,309662695.0
2012,Monroe,100453342.0
2012,Montville,47868156.0
2012,Morris,9671769.0
2012,New Britain,23290860.0
2012,New Canaan,641251094.0
2012,New Fairfield,73312823.0
2012,New Hartford,26008033.0
2012,New Haven,239180220.0
2012,New London,42326318.0
2012,New Milford,112248008.0
2012,Newington,99944796.0
2012,Norfolk,7326635.0
2012,North Branford,41934658.0
2012,North Haven,116416902.0
2012,North Stonington,12279150.0
2012,Norwalk,638709585.0
2012,Norwich,64295043.0
2012,Old Lyme,62223452.0
2012,Old Saybrook,82349225.0
2012,Oxford,62545649.0
2012,Plainville,53473961.0
2012,Plymouth,23927177.0
2012,Pomfret,9709695.0
2012,Portland,34597150.0
2012,Prospect,33728039.0
2012,Putnam,19496487.0
2012,Rocky Hill,159138839.0
2012,Salem,16473161.0
2012,Salisbury,52401596.0
2012,Scotland,3559800.0
2012,Seymour,46984058.0
2012,Sharon,30274004.0
2012,Shelton,208098185.0
2012,Sherman,28607700.0
2012,Somers,37655299.0
2012,Southington,174688004.0
2012,Stafford,26403195.0
2012,Stratford,174674630.0
2012,Suffield,69286840.0
2012,Thomaston,15933650.0
2012,Thompson,19221477.0
2012,Tolland,48275248.0
2012,Torrington,71132617.0
2012,Trumbull,179189595.0
2012,Union,1636300.0
2012,Vernon,73325684.0
2012,Voluntown,4578800.0
2012,Wallingford,169766939.0
2012,Washington,88645643.0
2012,Watertown,60495103.0
2012,West Hartford,451638484.0
2012,West Haven,80364619.0
2012,Westbrook,43672714.0
2012,Weston,165353646.0
2012,Westport,906164982.0
2012,Wethersfield,90968836.0
2012,Willington,18625503.0
2012,Windham,24588653.0
2012,Windsor,116343974.0
2012,Windsor Locks,34071883.0
2012,Wolcott,33554645.0
2012,Woodbridge,54294295.0
2012,Woodbury,34946982.0
2012,Woodstock,30571830.0
2013,Andover,7703082.0
2013,Ansonia,34969505.0
2013,Ashford,8479199.0
2013,Beacon Falls,22884033.0
2013,Berlin,91161489.0
2013,Bethel,134850298.0
2013,Bloomfield,65560274.0
2013,Bolton,20940466.0
2013,Bozrah,5016883.0
2013,Branford,154750966.0
2013,Bridgeport,262147210.0
2013,Bridgewater,15035673.0
2013,Bristol,189031928.0
2013,Brookfield,135388961.0
2013,Brooklyn,24660858.0
2013,Canaan,5584570.0
2013,Canterbury,8722119.0
2013,Clinton,47246792.0
2013,Colchester,42960224.0
2013,Colebrook,4935525.0
2013,Columbia,17671853.0
2013,Cornwall,11332234.0
2013,Coventry,45264318.0
2013,Cromwell,66943015.0
2013,Danbury,357479899.0
2013,Deep River,16163245.0
2013,Derby,24584259.0
2013,Durham,24076157.0
2013,East Haddam,31079154.0
2013,East Hampton,49052975.0
2013,East Hartford,100614518.0
2013,East Haven,63059262.0
2013,East Lyme,107815820.0
2013,East Windsor,36051876.0
2013,Easton,80092348.0
2013,Ellington,73320138.0
2013,Enfield,129461475.0
2013,Essex,66910758.0
2013,Fairfield,807763094.0
2013,Farmington,262830696.0
2013,Glastonbury,228617964.0
2013,Goshen,22242683.0
2013,Granby,43362849.0
2013,Greenwich,2341798581.0
2013,Griswold,22872754.0
2013,Groton,181105868.0
2013,Haddam,32740088.0
2013,Hamden,236407389.0
2013,Hartford,187282189.0
2013,Hartland,3764600.0
2013,Hebron,26792389.0
2013,Killingworth,33810113.0
2013,Ledyard,47625933.0
2013,Lisbon,8451298.0
2013,Manchester,147277648.0
2013,Mansfield,117344767.0
2013,Marlborough,26131097.0
2013,Meriden,150044259.0
2013,Middlebury,38111876.0
2013,Middlefield,15914262.0
2013,Milford,255520502.0
2013,Monroe,89225550.0
2013,Montville,44683040.0
2013,Morris,14657065.0
2013,Naugatuck,115147366.0
2013,New Britain,156891049.0
2013,New Fairfield,81962346.0
2013,New Haven,204122709.0
2013,New Milford,141098162.0
2013,Newington,106260363.0
2013,Newtown,151169030.0
2013,North Branford,38929750.0
2013,North Canaan,5573252.0
2013,North Haven,88977109.0
2013,North Stonington,17782180.0
2013,Old Lyme,63618661.0
2013,Orange,74363388.0
2013,Oxford,63631778.0
2013,Plainfield,33060400.0
2013,Plainville,52041405.0
2013,Plymouth,31344758.0
2013,Pomfret,14219935.0
2013,Portland,33952063.0
2013,Preston,12506595.0
2013,Prospect,27877827.0
2013,Putnam,26448421.0
2013,Redding,59861586.0
2013,Ridgefield,335562783.0
2013,Roxbury,35204150.0
2013,Salem,10753430.0
2013,Salisbury,41152722.0
2013,Scotland,1822333.0
2013,Seymour,51462855.0
2013,Shelton,187344555.0
2013,Simsbury,130761077.0
2013,Somers,35235787.0
2013,South Windsor,114753375.0
2013,Southbury,101339305.0
2013,Southington,220460638.0
2013,Sprague,4809563.0
2013,Stafford,29674936.0
2013,Stamford,2220277266.0
2013,Sterling,7462445.0
2013,Stonington,128056820.0
2013,Stratford,204368468.0
2013,Thomaston,14599397.0
2013,Thompson,24618856.0
2013,Tolland,53642418.0
2013,Torrington,74310963.0
2013,Trumbull,227319067.0
2013,Vernon,92778339.0
2013,Voluntown,9088388.0
2013,Wallingford,176883203.0
2013,Warren,21363550.0
2013,Waterbury,276950175.0
2013,Waterford,80920477.0
2013,West Hartford,352740339.0
2013,West Haven,97265946.0
2013,Westbrook,40243171.0
2013,Westport,1045505721.0
2013,Wilton,303631379.0
2013,Winchester,19991123.0
2013,Windham,114900.0
2013,Windsor Locks,45138708.0
2013,Wolcott,41807944.0
2013,Woodbridge,54491952.0
2013,Woodstock,32948590.0
2014,Andover,8490387.0
2014,Ansonia,43222434.0
2014,Ashford,8704575.0
2014,Avon,192290085.0
2014,Barkhamsted,13040079.0
2014,Beacon Falls,29181406.0
2014,Berlin,86545466.0
2014,Bethany,22169334.0
2014,Bethel,113686747.0
2014,Bethlehem,11197865.0
2014,Bolton,15889502.0
2014,Bozrah,14716442.0
2014,Bridgeport,258092104.0
2014,Bridgewater,25137218.0
2014,Bristol,146611526.0
2014,Brookfield,134554910.0
2014,Brooklyn,30041667.0
2014,Burlington,46411145.0
2014,Canaan,6541577.0
2014,Canterbury,11412939.0
2014,Canton,63645319.0
2014,Chaplin,4714904.0
2014,Cheshire,139115123.0
2014,Chester,20365925.0
2014,Clinton,62654149.0
2014,Colchester,50301316.0
2014,Colebrook,3271426.0
2014,Columbia,23703320.0
2014,Cornwall,9964837.0
2014,Cromwell,76940313.0
2014,Danbury,384065417.0
2014,Darien,751938319.0
2014,Deep River,16379354.0
2014,Derby,27385759.0
2014,Durham,28075008.0
2014,East Granby,25174394.0
2014,East Haddam,36601906.0
2014,East Hampton,56224311.0
2014,East Hartford,122973536.0
2014,East Haven,141610833.0
2014,East Lyme,116953441.0
2014,East Windsor,43505394.0
2014,Eastford,6957760.0
2014,Easton,76711333.0
2014,Ellington,59106317.0
2014,Enfield,106905718.0
2014,Essex,59496420.0
2014,Fairfield,743391606.0
2014,Farmington,176832122.0
2014,Franklin,7678499.0
2014,Glastonbury,252015604.0
2014,Goshen,31082303.0
2014,Granby,47150553.0
2014,Greenwich,2235577081.0
2014,Griswold,28701985.0
2014,Groton,159948391.0
2014,Guilford,190800007.0
2014,Haddam,32794085.0
2014,Hamden,181991513.0
2014,Hampton,3713096.0
2014,Hartford,442887784.0
2014,Hartland,5710354.0
2014,Harwinton,21814232.0
2014,Hebron,35910758.0
2014,Kent,24702985.0
2014,Killingly,50879843.0
2014,Killingworth,39981004.0
2014,Lebanon,39178070.0
2014,Ledyard,44142352.0
2014,Lisbon,9518700.0
2014,Litchfield,46137751.0
2014,Lyme,19401850.0
2014,Madison,178850818.0
2014,Manchester,214732168.0
2014,Marlborough,34037609.0
2014,Meriden,192500510.0
2014,Middlebury,44564202.0
2014,Middlefield,14932194.0
2014,Middletown,131655498.0
2014,Milford,323692803.0
2014,Monroe,98419071.0
2014,Montville,46196770.0
2014,Naugatuck,65540714.0
2014,New Britain,154692571.0
2014,New Canaan,638590805.0
2014,New Hartford,25540440.0
2014,New Haven,237509927.0
2014,New London,73033679.0
2014,New Milford,106472287.0
2014,Newington,109299826.0
2014,Newtown,140013909.0
2014,Norfolk,7356363.0
2014,North Branford,45471036.0
2014,North Canaan,8250477.0
2014,North Stonington,22851283.0
2014,Norwalk,685739930.0
2014,Norwich,86325455.0
2014,Old Saybrook,126757665.0
2014,Orange,95636897.0
2014,Oxford,66076947.0
2014,Plainfield,34232119.0
2014,Plainville,59230000.0
2014,Plymouth,29443896.0
2014,Pomfret,16802708.0
2014,Portland,33937542.0
2014,Preston,17147181.0
2014,Prospect,45120947.0
2014,Redding,74531652.0
2014,Ridgefield,301217559.0
2014,Rocky Hill,147271865.0
2014,Roxbury,33160275.0
2014,Salem,17634339.0
2014,Salisbury,45075414.0
2014,Scotland,3529279.0
2014,Seymour,50942848.0
2014,Sharon,41078943.0
2014,Shelton,263818879.0
2014,Sherman,33038764.0
2014,Simsbury,133733126.0
2014,Somers,38961980.0
2014,South Windsor,135727092.0
2014,Southbury,128321916.0
2014,Southington,205687441.0
2014,Sprague,5791837.0
2014,Stafford,30476552.0
2014,Stamford,1407213696.0
2014,Sterling,10319167.0
2014,Stonington,172243997.0
2014,Suffield,81863969.0
2014,Thomaston,21195746.0
2014,Torrington,102506134.0
2014,Trumbull,223157812.67
2014,Union,3192800.0
2014,Vernon,87770647.0
2014,Voluntown,6348389.0
2014,Wallingford,300315186.0
2014,Warren,25843745.0
2014,Washington,100734546.0
2014,Waterbury,214057024.0
2014,Waterford,89268642.0
2014,Watertown,63073507.0
2014,West Hartford,346705359.0
2014,West Haven,109124094.0
2014,Westbrook,52960533.0
2014,Weston,153599370.0
2014,Westport,950895279.0
2014,Wethersfield,96755547.0
2014,Willington,12815775.0
2014,Wilton,244301390.0
2014,Winchester,29193307.0
2014,Windham,61044125.0
2014,Windsor,237134297.0
2014,Windsor Locks,46337056.0
2014,Wolcott,57452309.0
2014,Woodbury,51177636.0
2014,Woodstock,31796792.0
2015,Andover,10827169.0
2015,Ansonia,49470316.0
2015,Ashford,13204778.0
2015,Avon,210472185.0
2015,Barkhamsted,11705803.0
2015,Beacon Falls,24118563.0
2015,Berlin,112718214.0
2015,Bethany,21971046.0
2015,Bethel,120550883.0
2015,Bethlehem,10195360.0
2015,Bloomfield,164956288.0
2015,Bolton,18277824.0
2015,Bozrah,8150091.0
2015,Branford,153167415.0
2015,Bridgewater,27224798.0
2015,Bristol,165593603.0
2015,Brookfield,122533454.0
2015,Burlington,54159696.0
2015,Canaan,4970056.0
2015,Canton,61179261.0
2015,Chaplin,7311175.0
2015,Cheshire,164534006.0
2015,Chester,17283459.0
2015,Colchester,57533397.0
2015,Columbia,21440107.0
2015,Cornwall,11847804.0
2015,Coventry,47010060.0
2015,Cromwell,82676603.0
2015,Danbury,395711259.0
2015,Darien,565862242.0
2015,East Granby,25707409.0
2015,East Haddam,51274029.0
2015,East Hartford,140392896.0
2015,East Haven,107316565.0
2015,East Lyme,113907111.0
2015,East Windsor,43020512.0
2015,Eastford,6336060.0
2015,Easton,84499361.0
2015,Enfield,168621351.0
2015,Essex,70694661.0
2015,Farmington,245752695.0
2015,Franklin,8671035.0
2015,Glastonbury,321650668.0
2015,Goshen,29356779.0
2015,Granby,59124518.0
2015,Griswold,30897703.0
2015,Groton,155256738.0
2015,Guilford,193001927.0
2015,Hampton,7505715.0
2015,Hartford,196899732.0
2015,Harwinton,25132655.0
2015,Hebron,42416708.0
2015,Kent,28657034.0
2015,Killingly,60316770.0
2015,Killingworth,36934392.0
2015,Lebanon,23126134.0
2015,Lisbon,10637718.0
2015,Litchfield,67365128.0
2015,Lyme,26366939.0
2015,Madison,170286858.0
2015,Manchester,250782657.0
2015,Mansfield,59725589.0
2015,Meriden,158062143.0
2015,Middlebury,51177214.0
2015,Middlefield,15083975.0
2015,Middletown,252367838.0
2015,Milford,347983452.0
2015,Monroe,119368345.0
2015,Montville,85129905.0
2015,Morris,12911500.0
2015,Naugatuck,69687781.0
2015,New Britain,171988456.0
2015,New Canaan,524776687.0
2015,New Fairfield,96737408.0
2015,New Hartford,28153779.0
2015,New Haven,331877118.0
2015,New London,60513045.0
2015,Newington,136587613.0
2015,Newtown,191946932.0
2015,Norfolk,11058905.0
2015,North Branford,45398226.0
2015,North Canaan,8675382.0
2015,North Haven,159625003.0
2015,Norwalk,853812164.0
2015,Norwich,117752191.0
2015,Old Lyme,76655426.0
2015,Old Saybrook,108845431.0
2015,Orange,120775843.0
2015,Plainfield,39382039.0
2015,Plainville,63638524.0
2015,Plymouth,25758489.0
2015,Pomfret,85000.0
2015,Portland,43489296.0
2015,Preston,17006467.0
2015,Putnam,29083581.0
2015,Redding,91678984.0
2015,Ridgefield,324795877.0
2015,Rocky Hill,182208046.0
2015,Roxbury,37500479.0
2015,Salem,13616757.0
2015,Scotland,5389574.0
2015,Sharon,28939427.0
2015,Shelton,231266474.0
2015,Sherman,29202136.0
2015,Simsbury,178566650.0
2015,Somers,43856139.0
2015,South Windsor,182192203.0
2015,Southbury,154246322.0
2015,Sprague,6817545.0
2015,Stamford,1524881887.0
2015,Sterling,12747554.0
2015,Stonington,126840724.0
2015,Stratford,288547766.0
2015,Suffield,79644558.0
2015,Thomaston,20723087.0
2015,Thompson,35581972.0
2015,Tolland,55357833.0
2015,Torrington,110113999.0
2015,Union,2542500.0
2015,Vernon,99505726.0
2015,Wallingford,220844583.0
2015,Warren,22840444.0
2015,Washington,87847015.0
2015,Waterbury,241779858.0
2015,Waterford,93298477.0
2015,Watertown,76960849.0
2015,West Hartford,414332482.0
2015,Westbrook,55958031.0
2015,Weston,148918266.0
2015,Wethersfield,113752941.0
2015,Willington,12477268.0
2015,Wilton,224181660.0
2015,Winchester,34435071.0
2015,Windham,42512142.0
2015,Windsor,223111098.0
2015,Windsor Locks,64606221.0
2015,Wolcott,52708896.0
2015,Woodbridge,61154501.0
2015,Woodbury,60434892.0
2015,Woodstock,43216438.0
2016,Ansonia,59677389.0
2016,Avon,169999211.0
2016,Barkhamsted,13856375.0
2016,Berlin,108454247.0
2016,Bethany,27275380.0
2016,Bethel,119472751.0
2016,Bethlehem,12693367.0
2016,Bloomfield,117708160.0
2016,Bolton,22099592.0
2016,Bozrah,5576500.0
2016,Branford,173167311.0
2016,Bridgeport,362767018.0
2016,Bristol,182633105.0
2016,Brooklyn,33137664.0
2016,Burlington,58065711.0
2016,Canaan,6984858.0
2016,Canterbury,16245389.0
2016,Canton,68089405.0
2016,Chaplin,5957550.0
2016,Cheshire,154764800.0
2016,Chester,18352849.0
2016,Clinton,80660075.0
2016,Colebrook,6048054.0
2016,Coventry,58537747.0
2016,Cromwell,80907166.0
2016,Danbury,459797274.0
2016,Darien,635286069.0
2016,Deep River,19498912.0
2016,Derby,32479219.0
2016,Durham,42470116.0
2016,East Granby,33367568.0
2016,East Haddam,46001249.0
2016,East Hampton,57488533.0
2016,East Hartford,162274516.0
2016,East Haven,11217381.0
2016,East Windsor,72995069.0
2016,Eastford,5582000.0
2016,Easton,65185921.0
2016,Ellington,68385105.0
2016,Essex,65798405.0
2016,Fairfield,758071596.0
2016,Farmington,210556186.0
2016,Franklin,4369126.0
2016,Glastonbury,340085512.0
2016,Goshen,32433014.0
2016,Granby,57638910.0
2016,Greenwich,2084932312.0
2016,Guilford,184615200.0
2016,Haddam,46098536.0
2016,Hamden,366998246.0
2016,Hampton,5662451.0
2016,Hartland,6937997.0
2016,Harwinton,22526567.0
2016,Kent,20354325.0
2016,Killingly,78876557.0
2016,Lebanon,33227986.0
2016,Ledyard,71281896.0
2016,Litchfield,63605325.0
2016,Lyme,19308250.0
2016,Madison,192396157.0
2016,Mansfield,88759929.0
2016,Marlborough,31246283.0
2016,Meriden,152150415.0
2016,Middletown,212830758.0
2016,Monroe,115190181.0
2016,Montville,2654200.0
2016,Morris,14246200.0
2016,Naugatuck,86518582.0
2016,New Britain,186820503.0
2016,New Canaan,527578599.0
2016,New Fairfield,106390768.0
2016,New Hartford,29041355.0
2016,New London,67488219.0
2016,New Milford,160846945.0
2016,Newington,138631132.0
2016,Newtown,191340979.0
2016,Norfolk,12936610.0
2016,North Branford,32540912.0
2016,North Canaan,7591050.0
2016,North Haven,114499214.0
2016,North Stonington,30805478.0
2016,Norwalk,814025537.0
2016,Norwich,123264204.0
2016,Old Lyme,73779040.0
2016,Old Saybrook,129946497.0
2016,Orange,80589498.0
2016,Oxford,68918066.0
2016,Plainfield,62298642.0
2016,Pomfret,20659258.0
2016,Portland,40919893.0
2016,Preston,18788637.0
2016,Prospect,44901668.0
2016,Putnam,32701307.0
2016,Redding,81425167.0
2016,Ridgefield,349972895.0
2016,Rocky Hill,2156004356.0
2016,Roxbury,31245133.0
2016,Salem,18107856.0
2016,Salisbury,58013198.0
2016,Scotland,6003272.0
2016,Seymour,61138587.0
2016,Sharon,36605861.0
2016,Shelton,233566126.0
2016,Sherman,45850855.0
2016,Simsbury,213315720.0
2016,Somers,87107486.0
2016,South Windsor,181632731.0
2016,Southbury,138615037.0
2016,Southington,239079160.0
2016,Sprague,6016458.0
2016,Stafford,35914335.0
2016,Stamford,5339843096.0
2016,Sterling,14357473.0
2016,Stonington,169222491.0
2016,Stratford,272362283.0
2016,Suffield,86454437.0
2016,Thomaston,20217171.0
2016,Thompson,39564388.0
2016,Tolland,85372370.0
2016,Torrington,88395343.0
2016,Trumbull,216386566.0
2016,Union,4085000.0
2016,Voluntown,9720150.0
2016,Wallingford,207517423.0
2016,Warren,16866609.0
2016,Washington,72082308.0
2016,Waterbury,232027763.0
2016,Waterford,98264288.0
2016,Watertown,99855939.0
2016,West Haven,147295702.0
2016,Weston,158127629.0
2016,Westport,793219628.0
2016,Wethersfield,139425715.0
2016,Willington,12738210.0
2016,Wilton,239085846.0
2016,Winchester,36366627.0
2016,Windham,45325723.0
2016,Windsor,208201779.0
2016,Windsor Locks,77199231.0
2016,Wolcott,68327181.0
2016,Woodbridge,60700392.0
2016,Woodbury,72741947.0
2017,Andover,14768719.95
2017,Ansonia,50033353.92
2017,Ashford,26625259.03
2017,Avon,154059526.0
2017,Barkhamsted,18247795.66
2017,Beacon Falls,25915554.0
2017,Berlin,7980745.0
2017,Bethany,25492499.0
2017,Bethlehem,15780786.0
2017,Bloomfield,122797395.0
2017,Bolton,23233813.0
2017,Branford,230304241.0
2017,Bridgeport,352108598.0
2017,Bridgewater,22747180.0
2017,Brookfield,158189943.0
2017,Brooklyn,38783982.0
2017,Burlington,63833217.0
2017,Canterbury,16922142.0
2017,Canton,68974844.0
2017,Chaplin,8328185.0
2017,Cheshire,184339221.0
2017,Chester,28475023.0
2017,Clinton,80237937.0
2017,Colchester,61083501.0
2017,Colebrook,5194328.0
2017,Columbia,24273683.0
2017,Cornwall,12743419.27
2017,Coventry,65838513.0
2017,Darien,560679035.0
2017,Deep River,29567063.0
2017,Derby,36771357.0
2017,Durham,31334880.0
2017,East Granby,27032058.0
2017,East Hampton,76778903.65
2017,East Hartford,168929095.0
2017,East Haven,130496750.31
2017,East Lyme,134545871.0
2017,Eastford,6483599.0
2017,Easton,96431910.0
2017,Ellington,71765786.0
2017,Enfield,304200829.0
2017,Essex,82021361.0
2017,Fairfield,775543822.11
2017,Franklin,7050217.0
2017,Greenwich,2041120795.09
2017,Griswold,43759417.0
2017,Groton,180398367.0
2017,Haddam,37916449.0
2017,Hamden,443824146.0
2017,Hampton,6501915.0
2017,Hartford,195838978.0
2017,Hartland,7774506.0
2017,Harwinton,16633310.0
2017,Hebron,46573102.0
2017,Kent,40379400.0
2017,Killingly,83645293.0
2017,Killingworth,42331164.0
2017,Lebanon,28080077.0
2017,Ledyard,70992437.0
2017,Lisbon,17365917.0
2017,Litchfield,48545466.0
2017,Lyme,39167013.0
2017,Madison,209893918.0
2017,Manchester,327618631.0
2017,Mansfield,67630113.0
2017,Marlborough,31046785.5
2017,Meriden,168071503.0
2017,Middlebury,55104761.0
2017,Middlefield,19614267.0
2017,Milford,422466819.64
2017,Monroe,112338448.0
2017,Montville,76327808.0
2017,Morris,15364863.0
2017,Naugatuck,82165026.0
2017,New Canaan,516956923.0
2017,New Fairfield,79339389.0
2017,New Hartford,27066548.0
2017,New Haven,501780317.0
2017,New London,340856723.0
2017,New Milford,174545078.0
2017,Newington,121311796.0
2017,Norfolk,13800348.0
2017,North Branford,34878719.0
2017,North Haven,129269791.0
2017,North Stonington,28907749.0
2017,Norwalk,954049922.0
2017,Norwich,114668342.0
2017,Old Lyme,79213323.0
2017,Old Saybrook,118005158.0
2017,Oxford,80389303.25
2017,Plainville,71537150.0
2017,Plymouth,43930896.0
2017,Pomfret,20548865.0
2017,Portland,42732920.0
2017,Prospect,46146957.0
2017,Putnam,41482655.0
2017,Rocky Hill,94813768.0
2017,Salem,27149313.0
2017,Salisbury,61525046.0
2017,Scotland,3848130.0
2017,Seymour,66860276.0
2017,Sharon,38147626.0
2017,Shelton,276779736.36
2017,Sherman,43789313.0
2017,Somers,42307057.84
2017,Southington,229459114.0
2017,Stafford,37325851.0
2017,Stratford,366227994.0
2017,Suffield,81913635.38
2017,Thomaston,21328017.0
2017,Thompson,40460314.0
2017,Tolland,62195844.0
2017,Torrington,104796829.0
2017,Trumbull,257937182.0
2017,Union,4740000.0
2017,Vernon,112309096.0
2017,Voluntown,8782000.0
2017,Wallingford,220525850.7
2017,Washington,54810683.0
2017,Watertown,83963223.0
2017,West Hartford,372680065.0
2017,West Haven,201416767.0
2017,Westbrook,57456432.0
2017,Weston,142697974.0
2017,Westport,817691347.0
2017,Wethersfield,126353595.0
2017,Willington,25713305.0
2017,Wilton,233314749.0
2017,Winchester,37125875.0
2017,Windham,50675424.0
2017,Windsor,167440638.0
2017,Windsor Locks,165205724.0
2017,Wolcott,59020610.0
2017,Woodbridge,58336060.0
2017,Woodbury,56633415.0
2017,Woodstock,47432432.0
2018,Andover,18094278.0
2018,Ansonia,52432869.0
2018,Ashford,13681935.0
2018,Beacon Falls,62456642.0
2018,Berlin,104152872.21
2018,Bethel,138540810.0
2018,Bethlehem,2989000.0
2018,Bloomfield,173961958.0
2018,Bozrah,8828462.0
2018,Branford,196999251.0
2018,Bridgeport,442313333.0
2018,Bridgewater,20941718.23
2018,Bristol,210762621.0
2018,Brookfield,147394283.0
2018,Brooklyn,40282302.0
2018,Burlington,56144380.0
2018,Canaan,7734931.0
2018,Canterbury,21565869.0
2018,Clinton,104793489.84
2018,Colchester,63679871.0
2018,Colebrook,6241500.0
2018,Columbia,24754726.35
2018,Cornwall,15299278.0
2018,Coventry,60112320.0
2018,Cromwell,75160482.0
2018,Danbury,570167189.0
2018,Deep River,38868059.0
2018,Derby,38383672.0
2018,Durham,40093093.0
2018,East Granby,42254142.0
2018,East Haddam,45934112.0
2018,East Hampton,62109527.29
2018,East Hartford,175836382.44
2018,East Haven,145130288.42
2018,East Lyme,162798812.0
2018,East Windsor,56398356.0
2018,Easton,78886329.79
2018,Ellington,61471123.0
2018,Enfield,182533014.83
2018,Fairfield,792033535.21
2018,Farmington,212713934.86
2018,Glastonbury,359690267.0
2018,Goshen,26307952.0
2018,Granby,58943737.0
2018,Greenwich,2082766765.0
2018,Griswold,45311598.0
2018,Groton,261162594.0
2018,Guilford,220062485.49
2018,Haddam,34160555.0
2018,Hamden,217115425.0
2018,Hartford,322081046.0
2018,Hartland,8343699.0
2018,Hebron,42190168.0
2018,Killingly,28816002.0
2018,Killingworth,37931140.0
2018,Ledyard,74152259.0
2018,Lisbon,18136265.0
2018,Manchester,433880089.77
2018,Mansfield,54298324.0
2018,Marlborough,30900126.0
2018,Meriden,219206018.47
2018,Middlebury,64720096.22
2018,Middlefield,17753786.0
2018,Middletown,234288924.0
2018,Milford,336717053.21
2018,Monroe,124335479.0
2018,Montville,82798421.0
2018,Morris,12546100.0
2018,New Britain,168034186.0
2018,New Fairfield,90993458.0
2018,New Hartford,29833355.0
2018,New Haven,389640589.0
2018,New Milford,164620684.0
2018,Newington,100303082.0
2018,Newtown,187286667.0
2018,North Branford,41123503.0
2018,North Canaan,13217933.0
2018,North Haven,185986464.0
2018,North Stonington,22568722.0
2018,Old Lyme,81560139.0
2018,Orange,97517351.0
2018,Oxford,90631873.0
2018,Plainfield,56597212.0
2018,Plainville,85203783.0
2018,Plymouth,39977036.0
2018,Pomfret,17748156.0
2018,Portland,43053463.0
2018,Preston,18724039.42
2018,Prospect,74617410.0
2018,Putnam,46057773.0
2018,Redding,76408091.0
2018,Ridgefield,303203652.0
2018,Rocky Hill,6264850.0
2018,Roxbury,41813953.0
2018,Salem,23512723.0
2018,Salisbury,41905450.0
2018,Seymour,65493246.99
2018,Shelton,299056065.0
2018,Simsbury,155297481.7
2018,Somers,44562859.38
2018,South Windsor,217125805.0
2018,Southbury,139840443.0
2018,Southington,239437428.0
2018,Sprague,10781815.0
2018,Stafford,44650225.0
2018,Stamford,1721350366.0
2018,Sterling,18659834.0
2018,Stonington,145130826.0
2018,Stratford,667340581.0
2018,Thomaston,26459712.0
2018,Thompson,35640970.0
2018,Tolland,66580163.0
2018,Torrington,115165509.0
2018,Trumbull,267537830.0
2018,Vernon,193056622.0
2018,Voluntown,12203055.0
2018,Wallingford,217157106.94
2018,Warren,10266180.0
2018,Waterbury,262144304.0
2018,Waterford,117579216.0
2018,West Hartford,398097527.2
2018,West Haven,172830954.92
2018,Westbrook,68749600.0
2018,Westport,727595607.85
2018,Winchester,48551483.0
2018,Wolcott,68762824.0
2018,Woodbridge,78078615.0
2018,Woodstock,41309180.17
2019,Andover,13445256.0
2019,Ansonia,51005535.05
2019,Ashford,15848868.0
2019,Avon,181299669.0
2019,Barkhamsted,20193106.0
2019,Beacon Falls,44089076.0
2019,Berlin,105235172.15
2019,Bethany,32791300.0
2019,Bethel,159805986.0
2019,Bethlehem,18346042.0
2019,Bolton,22887126.0
2019,Bozrah,8803872.0
2019,Bridgeport,399313256.0
2019,Bridgewater,21462330.0
2019,Bristol,235106992.13
2019,Brookfield,151357054.0
2019,Brooklyn,40366470.0
2019,Burlington,78146996.0
2019,Canaan,9169094.34
2019,Canterbury,21895706.0
2019,Canton,77471023.55
2019,Chaplin,7551250.0
2019,Cheshire,183872123.0
2019,Chester,27486506.0
2019,Clinton,110894885.0
2019,Colchester,74974798.0
2019,Colebrook,6142500.0
2019,Columbia,25834377.77
2019,Cornwall,18591100.0
2019,Cromwell,61230876.0
2019,Danbury,456025703.32
2019,Darien,698049139.0
2019,Deep River,27952713.0
2019,Derby,37893675.0
2019,Durham,38636147.0
2019,East Granby,32360036.0
2019,East Haddam,59619939.0
2019,East Hampton,85776443.63
2019,East Hartford,135140878.0
2019,East Haven,175963872.59
2019,East Lyme,153565689.0
2019,East Windsor,59511184.0
2019,Eastford,8740253.0
2019,Easton,95059597.0
2019,Ellington,78210295.0
2019,Enfield,179676836.0
2019,Essex,75891285.66
2019,Fairfield,936250500.0
2019,Farmington,239376639.0
2019,Franklin,10189762.0
2019,Glastonbury,255848968.0
2019,Goshen,41315498.0
2019,Granby,111777131.0
2019,Greenwich,2310811825.0
2019,Griswold,39811281.0
2019,Groton,203454844.0
2019,Guilford,203666655.0
2019,Haddam,52640964.0
2019,Hamden,281133484.0
2019,Hampton,7779300.0
2019,Hartford,239146247.0
2019,Hartland,5663110.0
2019,Harwinton,32981790.0
2019,Hebron,55207724.0
2019,Kent,43162927.0
2019,Killingly,101041729.0
2019,Killingworth,44398390.0
2019,Lebanon,36018580.0
2019,Ledyard,82662987.0
2019,Lisbon,21780259.0
2019,Litchfield,91299229.0
2019,Lyme,33824828.0
2019,Madison,214843509.0
2019,Manchester,218973084.58
2019,Marlborough,33908263.0
2019,Meriden,234258223.0
2019,Middlebury,68523771.0
2019,Middlefield,19063124.0
2019,Middletown,189627102.0
2019,Milford,478794798.77
2019,Monroe,131131789.0
2019,Montville,80104298.0
2019,Morris,23954399.0
2019,Naugatuck,114761548.0
2019,New Britain,183488720.0
2019,New Canaan,648348467.0
2019,New Hartford,34021418.66
2019,New Haven,413601132.0
2019,New London,81097200.0
2019,New Milford,185300776.06
2019,Newington,124530299.0
2019,Newtown,253276884.0
2019,Norfolk,15493349.0
2019,North Branford,58343206.0
2019,North Canaan,12366180.0
2019,North Haven,119371960.0
2019,North Stonington,30469435.0
2019,Norwalk,1444918445.0
2019,Norwich,151111385.0
2019,Old Saybrook,120106038.0
2019,Orange,176205373.0
2019,Oxford,110223212.0
2019,Plainfield,61886485.0
2019,Plainville,97028529.0
2019,Plymouth,45590081.0
2019,Pomfret,29731895.0
2019,Portland,46473853.0
2019,Preston,23730849.0
2019,Prospect,53208524.0
2019,Redding,112972982.0
2019,Ridgefield,401647428.0
2019,Rocky Hill,87843061.0
2019,Roxbury,60488222.0
2019,Salem,22606661.0
2019,Salisbury,93962763.0
2019,Scotland,5718900.0
2019,Seymour,84388671.0
2019,Sharon,64107080.0
2019,Shelton,336428745.0
2019,Sherman,59643687.0
2019,Simsbury,189913496.0
2019,Somers,49908048.5
2019,South Windsor,216823859.0
2019,Southbury,149529307.0
2019,Southington,250046587.0
2019,Sprague,9698100.0
2019,Stafford,32615259.0
2019,Stamford,1270822470.0
2019,Sterling,39466380.0
2019,Stonington,177522229.0
2019,Suffield,98471180.63
2019,Thomaston,27347465.0
2019,Trumbull,267664526.0
2019,Union,1618800.0
2019,Vernon,100515562.0
2019,Voluntown,14076550.0
2019,Wallingford,210265860.0
2019,Warren,37946000.0
2019,Washington,122876645.5
2019,Waterbury,519574589.0
2019,Waterford,131623815.0
2019,Watertown,107026426.0
2019,West Hartford,434916362.64
2019,West Haven,204177747.0
2019,Westbrook,66066725.9
2019,Weston,210035805.0
2019,Westport,999175277.0
2019,Wethersfield,150498946.0
2019,Willington,24367393.0
2019,Wilton,302696714.07
2019,Winchester,51350324.0
2019,Windham,54779206.0
2019,Windsor,192218132.0
2019,Windsor Locks,40660958.0
2019,Wolcott,72334110.0
2019,Woodbridge,67313697.0
2019,Woodbury,71538112.0
2019,Woodstock,49092494.0
2020,Andover,19992538.0
2020,Ansonia,93196762.0
2020,Ashford,33649688.0
2020,Avon,266377219.0
2020,Barkhamsted,22334332.5
2020,Beacon Falls,44472701.0
2020,Berlin,134277318.0
2020,Bethany,52618403.0
2020,Bethel,214304313.0
2020,Bethlehem,35170215.0
2020,Bloomfield,158456343.0
2020,Bolton,29558443.0
2020,Bozrah,10237400.0
2020,Branford,304811803.0
2020,Bridgeport,2325122.0
2020,Bridgewater,46090720.0
2020,Bristol,370603190.0
2020,Brookfield,191050831.0
2020,Burlington,86253582.0
2020,Canaan,14396201.0
2020,Canton,94552457.01
2020,Chaplin,9044920.0
2020,Cheshire,247312971.5
2020,Chester,31836119.0
2020,Colchester,118496302.0
2020,Colebrook,15593102.0
2020,Columbia,43380463.01
2020,Cornwall,35148666.0
2020,Coventry,96082397.0
2020,Cromwell,188482186.0
2020,Danbury,809607456.0
2020,Darien,1091184389.0
2020,Deep River,150000.0
2020,Derby,43438326.0
2020,East Granby,49723150.0
2020,East Haddam,78823486.0
2020,East Hartford,276731271.0
2020,East Haven,185013496.44
2020,East Lyme,222043585.54
2020,East Windsor,65606910.0
2020,Eastford,18075670.0
2020,Easton,153533619.0
2020,Enfield,260139325.0
2020,Essex,128734645.0
2020,Farmington,325207441.84
2020,Franklin,17413944.0
2020,Glastonbury,372620151.0
2020,Goshen,62465609.0
2020,Granby,95607507.0
2020,Greenwich,4229100675.19
2020,Griswold,110534803.0
2020,Groton,336328214.0
2020,Guilford,297604430.0
2020,Hampton,11084097.0
2020,Hartford,449402633.0
2020,Harwinton,43884190.0
2020,Hebron,69332567.0
2020,Kent,57169104.0
2020,Killingly,115505813.0
2020,Killingworth,66057976.0
2020,Lebanon,41374596.0
2020,Lisbon,26239111.54
2020,Litchfield,112637939.0
2020,Lyme,58041703.0
2020,Madison,329663890.0
2020,Manchester,320411420.0
2020,Mansfield,90994208.0
2020,Meriden,334881028.0
2020,Middlebury,111272161.0
2020,Middlefield,36790599.0
2020,Middletown,283984793.0
2020,Milford,552131818.0
2020,Monroe,211958286.0
2020,Montville,112419652.0
2020,Morris,30469101.0
2020,Naugatuck,178445628.0
2020,New Britain,271502457.0
2020,New Canaan,1180536553.0
2020,New Fairfield,193434187.0
2020,New Hartford,58070098.05
2020,New Haven,564999858.0
2020,New London,143454247.0
2020,Newington,774700.0
2020,Newtown,402532980.5
2020,Norfolk,17981754.0
2020,North Canaan,28946561.0
2020,North Haven,208900066.0
2020,Norwalk,1574367614.0
2020,Norwich,321553490.0
2020,Old Lyme,141409933.0
2020,Old Saybrook,210922847.0
2020,Orange,147294602.0
2020,Plainfield,135713656.0
2020,Plainville,109400972.0
2020,Plymouth,62814446.68
2020,Portland,71083876.0
2020,Preston,34256991.0
2020,Putnam,72727279.0
2020,Redding,197432795.0
2020,Ridgefield,657006861.0
2020,Rocky Hill,85284560.0
2020,Roxbury,97531121.0
2020,Salem,33589604.0
2020,Scotland,9106400.0
2020,Sharon,92248969.0
2020,Shelton,421772497.0
2020,Sherman,79649032.0
2020,Simsbury,245098563.0
2020,Somers,467000.0
2020,South Windsor,387868028.0
2020,Southbury,260066291.0
2020,Sprague,13086100.0
2020,Stamford,4361516173.0
2020,Sterling,24650329.0
2020,Stonington,261912093.0
2020,Stratford,517471434.0
2020,Suffield,139010762.02
2020,Thomaston,40059651.0
2020,Thompson,66646525.0
2020,Tolland,186820081.0
2020,Torrington,203049693.0
2020,Trumbull,461507280.0
2020,Union,4098500.0
2020,Vernon,153720186.0
2020,Wallingford,7342000.0
2020,Warren,35994485.67
2020,Washington,145321758.0
2020,Waterbury,479231293.0
2020,Waterford,205260394.0
2020,Watertown,131171074.0
2020,West Hartford,677356956.0
2020,Westbrook,102895033.0
2020,Weston,355079384.0
2020,Wethersfield,215239722.13
2020,Willington,5536673186.0
2020,Wilton,594626244.55
2020,Winchester,82740976.0
2020,Windham,104735648.0
2020,Windsor,288825799.0
2020,Windsor Locks,81322030.0
2020,Wolcott,115486841.0
2020,Woodbridge,88757514.0
2020,Woodbury,135495014.0
2020,Woodstock,64901926.85
2021,Ansonia,117303639.0
2021,Avon,273116498.59
2021,Barkhamsted,23803922.0
2021,Berlin,146155844.0
2021,Bethany,41692449.0
2021,Bethel,201318035.0
2021,Bethlehem,35872107.0
2021,Bloomfield,158714935.0
2021,Bolton,31455181.0
2021,Bozrah,13195850.0
2021,Branford,324962091.0
2021,Bridgeport,770944890.0
2021,Bridgewater,34250901.0
2021,Bristol,363922525.3
2021,Brooklyn,55380799.0
2021,Burlington,86476372.0
2021,Canaan,18339765.0
2021,Canterbury,27323717.0
2021,Canton,81520863.7
2021,Chaplin,10614700.0
2021,Cheshire,249585627.15
2021,Chester,25510761.0
2021,Clinton,125971094.0
2021,Colebrook,16003150.0
2021,Coventry,75617938.0
2021,Cromwell,118543480.0
2021,Danbury,996279170.0
2021,Darien,945897198.0
2021,Deep River,30133150.0
2021,Derby,70921146.0
2021,Durham,37995449.0
2021,East Granby,66532349.0
2021,East Haddam,80905703.0
2021,East Hampton,119805873.0
2021,East Windsor,89478811.0
2021,Eastford,12998357.0
2021,Easton,125277062.0
2021,Ellington,118046906.0
2021,Essex,119942008.0
2021,Fairfield,1252222824.0
2021,Farmington,290702443.0
2021,Franklin,15195690.0
2021,Glastonbury,395580574.0
2021,Goshen,48019321.0
2021,Granby,90487465.0
2021,Guilford,305783103.0
2021,Haddam,65085679.15
2021,Hamden,425913768.0
2021,Hampton,13901562.0
2021,Hartland,10416900.0
2021,Harwinton,46330870.0
2021,Kent,48260859.0
2021,Killingly,135867521.0
2021,Lebanon,40599653.0
2021,Ledyard,121563563.0
2021,Litchfield,115814931.0
2021,Lyme,39900211.0
2021,Madison,285419661.0
2021,Mansfield,105387901.0
2021,Marlborough,47229514.0
2021,Meriden,1947600.0
2021,Middlefield,28856001.0
2021,Middletown,269405502.0
2021,Monroe,210653316.0
2021,Morris,25923664.0
2021,Naugatuck,195525803.0
2021,New Britain,398344445.0
2021,New Canaan,836169546.0
2021,New Fairfield,155652624.0
2021,New Hartford,50750222.0
2021,New Haven,707415900.0
2021,New London,173514148.0
2021,New Milford,268163949.0
2021,Newington,375114625.0
2021,Newtown,375789123.0
2021,Norfolk,20716608.0
2021,North Branford,87496870.83
2021,North Canaan,20168795.0
2021,North Haven,300090870.0
2021,North Stonington,46351311.0
2021,Norwalk,1411548208.67
2021,Norwich,224181426.0
2021,Old Lyme,103176452.0
2021,Old Saybrook,182858712.0
2021,Orange,175872110.0
2021,Oxford,125353913.0
2021,Plainfield,111777018.0
2021,Plainville,71448200.0
2021,Pomfret,28122649.0
2021,Portland,95501763.0
2021,Preston,33740724.26
2021,Prospect,57240476.0
2021,Putnam,70179749.0
2021,Redding,158117999.72
2021,Ridgefield,534655956.0
2021,Rocky Hill,162490135.0
2021,Roxbury,56952281.0
2021,Salem,2563975.0
2021,Salisbury,96175199.0
2021,Scotland,9008870.0
2021,Seymour,92513817.35
2021,Sharon,81828263.0
2021,Sherman,62800528.0
2021,Simsbury,271433312.0
2021,Somers,70559810.0
2021,South Windsor,247844920.0
2021,Southbury,194415438.0
2021,Southington,341686931.0
2021,Sprague,16794800.0
2021,Stafford,67755805.0
2021,Stamford,3450593887.0
2021,Sterling,51644086.0
2021,Stonington,243981644.0
2021,Stratford,500146185.0
2021,Suffield,197608266.4
2021,Thompson,55907814.0
2021,Tolland,110069534.0
2021,Torrington,233123285.0
2021,Union,5607603.0
2021,Voluntown,28624592.0
2021,Wallingford,335790388.34
2021,Warren,30092408.0
2021,Washington,95216315.0
2021,Waterbury,711383168.0
2021,Waterford,169886991.0
2021,Watertown,151516737.0
2021,West Hartford,698423154.0
2021,West Haven,270044486.0
2021,Weston,327959797.0
2021,Westport,1453049946.0
2021,Wethersfield,234305519.0
2021,Willington,45335697.0
2021,Wilton,388982660.0
2021,Winchester,62920199.0
2021,Windham,89089489.0
2021,Windsor,373621031.0
2021,Windsor Locks,114831683.0
2021,Wolcott,96475835.0
2021,Woodbridge,103144283.0
2021,Woodbury,101068196.0
2022,Andover,16467788.01
2022,Ansonia,64275358.34
2022,Ashford,24103572.0
2022,Avon,220516948.0
2022,Barkhamsted,24114407.0
2022,Beacon Falls,50520220.0
2022,Bethany,37833027.0
2022,Bethlehem,28002780.0
2022,Bloomfield,108617421.0
2022,Bolton,24841586.0
2022,Branford,244860139.0
2022,Bridgeport,645088552.0
2022,Brookfield,172334836.0
2022,Brooklyn,47521250.0
2022,Burlington,61836983.0
2022,Canaan,16430462.0
2022,Canterbury,22301774.0
2022,Canton,61584450.0
2022,Chaplin,6901942.0
2022,Cheshire,281892629.82
2022,Chester,27487489.0
2022,Clinton,101224792.0
2022,Colchester,88179072.0
2022,Colebrook,10010400.0
2022,Columbia,37085720.0
2022,Cornwall,23009512.0
2022,Coventry,65371808.0
2022,Darien,681194401.0
2022,Deep River,24879240.0
2022,Derby,60013737.0
2022,Durham,38813645.0
2022,East Granby,43625114.0
2022,East Hampton,99872400.0
2022,East Hartford,160094014.01
2022,East Haven,138588697.4
2022,East Lyme,149417571.97
2022,East Windsor,103488943.0
2022,Eastford,13173747.0
2022,Easton,98155831.0
2022,Ellington,103881583.0
2022,Enfield,186123759.0
2022,Essex,107628316.0
2022,Fairfield,866766574.0
2022,Franklin,25973650.0
2022,Greenwich,2646540888.0
2022,Griswold,51332842.0
2022,Groton,272583505.0
2022,Haddam,53551142.0
2022,Hamden,505196695.0
2022,Hampton,8832814.0
2022,Hartford,375565736.0
2022,Hartland,6014555.0
2022,Harwinton,30466017.0
2022,Hebron,44269942.0
2022,Kent,32994330.0
2022,Killingly,141384466.0
2022,Killingworth,38354880.0
2022,Lebanon,34875042.0
2022,Ledyard,88715143.0
2022,Lisbon,20688895.0
2022,Litchfield,90085198.0
2022,Lyme,21938806.0
2022,Madison,235350965.0
2022,Manchester,548537414.0
2022,Mansfield,63372460.0
2022,Marlborough,29883903.0
2022,Meriden,299750660.0
2022,Middlebury,77724666.0
2022,Middlefield,22493811.0
2022,Milford,384326124.0
2022,Monroe,128147568.5
2022,Montville,100298407.0
2022,Naugatuck,157873296.0
2022,New Canaan,617142076.0
2022,New Fairfield,93536538.0
2022,New Hartford,36668505.84
2022,New Haven,578341084.0
2022,New London,108980952.0
2022,New Milford,197317075.0
2022,Newington,194126698.0
2022,Norfolk,16857649.0
2022,North Branford,52851900.0
2022,North Haven,207328710.0
2022,North Stonington,33587346.0
2022,Norwalk,1013616683.0
2022,Norwich,240127708.0
2022,Old Lyme,103441206.0
2022,Old Saybrook,131437911.0
2022,Orange,118239770.0
2022,Oxford,102055788.4
2022,Plainville,95865924.0
2022,Plymouth,54208043.57
2022,Pomfret,18217620.0
2022,Portland,51505712.0
2022,Prospect,56437470.0
2022,Putnam,75595262.0
2022,Rocky Hill,102541722.0
2022,Salem,31084390.0
2022,Salisbury,104726000.0
2022,Scotland,4749323.0
2022,Seymour,78713967.0
2022,Sharon,61559571.0
2022,Shelton,258359275.0
2022,Sherman,34064500.0
2022,Somers,49144727.0
2022,Southbury,24975736.0
2022,Southington,263345244.0
2022,Stafford,54478837.0
2022,Stamford,1138837410.42
2022,Stratford,405757348.0
2022,Suffield,99635439.23
2022,Thomaston,37407004.0
2022,Thompson,53634718.0
2022,Tolland,76408421.0
2022,Torrington,204613480.0
2022,Trumbull,285840261.0
2022,Union,1833500.0
2022,Vernon,112897662.0
2022,Voluntown,10511143.0
2022,Wallingford,203169092.0
2022,Washington,83591476.0
2022,Waterbury,474780418.0
2022,Watertown,138772288.0
2022,West Hartford,505397220.0
2022,West Haven,238553450.0
2022,Westbrook,58132309.0
2022,Weston,218890318.0
2022,Westport,1077119842.0
2022,Wethersfield,126707424.0
2022,Willington,59447093.0
2022,Wilton,321897151.0
2022,Windham,65385424.0
2022,Windsor,683657639.0
2022,Windsor Locks,99898751.37
2022,Wolcott,90071852.22
2022,Woodbridge,74144737.0
2022,Woodbury,56927749.68
2022,Woodstock,50972295.0
